Thetas,H1_hollow_10layers_70-80-60-80nm,H1_full_10layers_80nm
0,431.3,497.8
0.0559045226,431.3,497.8
0.1118090452,431.3,497.8
0.1677135678,431.3,497.8
0.2236180905,431.3,497.8
0.2795226131,431.3,497.8
0.3354271357,431.3,497.8
0.3913316583,431.3,497.8
0.4472361809,431.3,497.8
0.5031407035,431.3,497.8
0.5590452261,431.3,497.8
0.6149497487,431.3,497.8
0.6708542714,431.3,497.8
0.726758794,431.3,497.8
0.7826633166,431.3,497.8
0.8385678392,431.3,497.8
0.8944723618,431.3,497.8
0.9503768844,431.3,497.8
1.006281407,431.3,497.8
1.0621859296,431.3,497.8
1.1180904523,431.3,497.8
1.1739949749,431.3,497.8
1.2298994975,431.3,497.8
1.2858040201,431.3,497.7
1.3417085427,431.3,497.7
1.3976130653,431.3,497.7
1.4535175879,431.3,497.7
1.5094221106,431.3,497.7
1.5653266332,431.3,497.7
1.6212311558,431.3,497.7
1.6771356784,431.2,497.7
1.733040201,431.2,497.7
1.7889447236,431.2,497.7
1.8448492462,431.2,497.7
1.9007537688,431.2,497.7
1.9566582915,431.2,497.7
2.0125628141,431.2,497.7
2.0684673367,431.2,497.7
2.1243718593,431.2,497.7
2.1802763819,431.2,497.7
2.2361809045,431.2,497.7
2.2920854271,431.2,497.7
2.3479899497,431.2,497.6
2.4038944724,431.2,497.6
2.459798995,431.2,497.6
2.5157035176,431.2,497.6
2.5716080402,431.2,497.6
2.6275125628,431.1,497.6
2.6834170854,431.1,497.6
2.739321608,431.1,497.6
2.7952261307,431.1,497.6
2.8511306533,431.1,497.6
2.9070351759,431.1,497.6
2.9629396985,431.1,497.6
3.0188442211,431.1,497.6
3.0747487437,431.1,497.5
3.1306532663,431.1,497.5
3.1865577889,431.1,497.5
3.2424623116,431.1,497.5
3.2983668342,431,497.5
3.3542713568,431,497.5
3.4101758794,431,497.5
3.466080402,431,497.5
3.5219849246,431,497.5
3.5778894472,431,497.5
3.6337939698,431,497.4
3.6896984925,431,497.4
3.7456030151,431,497.4
3.8015075377,431,497.4
3.8574120603,430.9,497.4
3.9133165829,430.9,497.4
3.9692211055,430.9,497.4
4.0251256281,430.9,497.4
4.0810301508,430.9,497.4
4.1369346734,430.9,497.3
4.192839196,430.9,497.3
4.2487437186,430.9,497.3
4.3046482412,430.8,497.3
4.3605527638,430.8,497.3
4.4164572864,430.8,497.3
4.472361809,430.8,497.3
4.5282663317,430.8,497.3
4.5841708543,430.8,497.2
4.6400753769,430.8,497.2
4.6959798995,430.8,497.2
4.7518844221,430.7,497.2
4.8077889447,430.7,497.2
4.8636934673,430.7,497.2
4.9195979899,430.7,497.2
4.9755025126,430.7,497.2
5.0314070352,430.7,497.1
5.0873115578,430.7,497.1
5.1432160804,430.6,497.1
5.199120603,430.6,497.1
5.2550251256,430.6,497.1
5.3109296482,430.6,497.1
5.3668341709,430.6,497
5.4227386935,430.6,497
5.4786432161,430.6,497
5.5345477387,430.5,497
5.5904522613,430.5,497
5.6463567839,430.5,497
5.7022613065,430.5,497
5.7581658291,430.5,496.9
5.8140703518,430.5,496.9
5.8699748744,430.4,496.9
5.925879397,430.4,496.9
5.9817839196,430.4,496.9
6.0376884422,430.4,496.9
6.0935929648,430.4,496.8
6.1494974874,430.4,496.8
6.2054020101,430.3,496.8
6.2613065327,430.3,496.8
6.3172110553,430.3,496.8
6.3731155779,430.3,496.7
6.4290201005,430.3,496.7
6.4849246231,430.2,496.7
6.5408291457,430.2,496.7
6.5967336683,430.2,496.7
6.652638191,430.2,496.7
6.7085427136,430.2,496.6
6.7644472362,430.2,496.6
6.8203517588,430.1,496.6
6.8762562814,430.1,496.6
6.932160804,430.1,496.6
6.9880653266,430.1,496.5
7.0439698492,430.1,496.5
7.0998743719,430,496.5
7.1557788945,430,496.5
7.2116834171,430,496.5
7.2675879397,430,496.4
7.3234924623,430,496.4
7.3793969849,429.9,496.4
7.4353015075,429.9,496.4
7.4912060302,429.9,496.3
7.5471105528,429.9,496.3
7.6030150754,429.8,496.3
7.658919598,429.8,496.3
7.7148241206,429.8,496.3
7.7707286432,429.8,496.2
7.8266331658,429.8,496.2
7.8825376884,429.7,496.2
7.9384422111,429.7,496.2
7.9943467337,429.7,496.1
8.0502512563,429.7,496.1
8.1061557789,429.6,496.1
8.1620603015,429.6,496.1
8.2179648241,429.6,496.1
8.2738693467,429.6,496
8.3297738693,429.6,496
8.385678392,429.5,496
8.4415829146,429.5,496
8.4974874372,429.5,495.9
8.5533919598,429.5,495.9
8.6092964824,429.4,495.9
8.665201005,429.4,495.9
8.7211055276,429.4,495.8
8.7770100503,429.4,495.8
8.8329145729,429.3,495.8
8.8888190955,429.3,495.8
8.9447236181,429.3,495.7
9.0006281407,429.3,495.7
9.0565326633,429.2,495.7
9.1124371859,429.2,495.7
9.1683417085,429.2,495.6
9.2242462312,429.2,495.6
9.2801507538,429.1,495.6
9.3360552764,429.1,495.6
9.391959799,429.1,495.5
9.4478643216,429.1,495.5
9.5037688442,429,495.5
9.5596733668,429,495.4
9.6155778894,429,495.4
9.6714824121,428.9,495.4
9.7273869347,428.9,495.4
9.7832914573,428.9,495.3
9.8391959799,428.9,495.3
9.8951005025,428.8,495.3
9.9510050251,428.8,495.2
10.0069095477,428.8,495.2
10.0628140704,428.8,495.2
10.118718593,428.7,495.2
10.1746231156,428.7,495.1
10.2305276382,428.7,495.1
10.2864321608,428.6,495.1
10.3423366834,428.6,495
10.398241206,428.6,495
10.4541457286,428.5,495
10.5100502513,428.5,495
10.5659547739,428.5,494.9
10.6218592965,428.5,494.9
10.6777638191,428.4,494.9
10.7336683417,428.4,494.8
10.7895728643,428.4,494.8
10.8454773869,428.3,494.8
10.9013819095,428.3,494.7
10.9572864322,428.3,494.7
11.0131909548,428.2,494.7
11.0690954774,428.2,494.6
11.125,428.2,494.6
11.1809045226,428.2,494.6
11.2368090452,428.1,494.6
11.2927135678,428.1,494.5
11.3486180905,428.1,494.5
11.4045226131,428,494.5
11.4604271357,428,494.4
11.5163316583,428,494.4
11.5722361809,427.9,494.4
11.6281407035,427.9,494.3
11.6840452261,427.9,494.3
11.7399497487,427.8,494.3
11.7958542714,427.8,494.2
11.851758794,427.8,494.2
11.9076633166,427.7,494.2
11.9635678392,427.7,494.1
12.0194723618,427.7,494.1
12.0753768844,427.6,494.1
12.131281407,427.6,494
12.1871859296,427.6,494
12.2430904523,427.5,494
12.2989949749,427.5,493.9
12.3548994975,427.5,493.9
12.4108040201,427.4,493.8
12.4667085427,427.4,493.8
12.5226130653,427.4,493.8
12.5785175879,427.3,493.7
12.6344221106,427.3,493.7
12.6903266332,427.3,493.7
12.7462311558,427.2,493.6
12.8021356784,427.2,493.6
12.858040201,427.1,493.6
12.9139447236,427.1,493.5
12.9698492462,427.1,493.5
13.0257537688,427,493.5
13.0816582915,427,493.4
13.1375628141,427,493.4
13.1934673367,426.9,493.3
13.2493718593,426.9,493.3
13.3052763819,426.9,493.3
13.3611809045,426.8,493.2
13.4170854271,426.8,493.2
13.4729899497,426.7,493.2
13.5288944724,426.7,493.1
13.584798995,426.7,493.1
13.6407035176,426.6,493
13.6966080402,426.6,493
13.7525125628,426.6,493
13.8084170854,426.5,492.9
13.864321608,426.5,492.9
13.9202261307,426.4,492.8
13.9761306533,426.4,492.8
14.0320351759,426.4,492.8
14.0879396985,426.3,492.7
14.1438442211,426.3,492.7
14.1997487437,426.2,492.6
14.2556532663,426.2,492.6
14.3115577889,426.2,492.6
14.3674623116,426.1,492.5
14.4233668342,426.1,492.5
14.4792713568,426,492.4
14.5351758794,426,492.4
14.591080402,426,492.4
14.6469849246,425.9,492.3
14.7028894472,425.9,492.3
14.7587939698,425.8,492.2
14.8146984925,425.8,492.2
14.8706030151,425.8,492.2
14.9265075377,425.7,492.1
14.9824120603,425.7,492.1
15.0383165829,425.6,492
15.0942211055,425.6,492
15.1501256281,425.5,491.9
15.2060301508,425.5,491.9
15.2619346734,425.5,491.9
15.317839196,425.4,491.8
15.3737437186,425.4,491.8
15.4296482412,425.3,491.7
15.4855527638,425.3,491.7
15.5414572864,425.3,491.6
15.597361809,425.2,491.6
15.6532663317,425.2,491.6
15.7091708543,425.1,491.5
15.7650753769,425.1,491.5
15.8209798995,425,491.4
15.8768844221,425,491.4
15.9327889447,424.9,491.3
15.9886934673,424.9,491.3
16.0445979899,424.9,491.2
16.1005025126,424.8,491.2
16.1564070352,424.8,491.2
16.2123115578,424.7,491.1
16.2682160804,424.7,491.1
16.324120603,424.6,491
16.3800251256,424.6,491
16.4359296482,424.5,490.9
16.4918341709,424.5,490.9
16.5477386935,424.5,490.8
16.6036432161,424.4,490.8
16.6595477387,424.4,490.7
16.7154522613,424.3,490.7
16.7713567839,424.3,490.6
16.8272613065,424.2,490.6
16.8831658291,424.2,490.6
16.9390703518,424.1,490.5
16.9949748744,424.1,490.5
17.050879397,424,490.4
17.1067839196,424,490.4
17.1626884422,423.9,490.3
17.2185929648,423.9,490.3
17.2744974874,423.8,490.2
17.3304020101,423.8,490.2
17.3863065327,423.8,490.1
17.4422110553,423.7,490.1
17.4981155779,423.7,490
17.5540201005,423.6,490
17.6099246231,423.6,489.9
17.6658291457,423.5,489.9
17.7217336683,423.5,489.8
17.777638191,423.4,489.8
17.8335427136,423.4,489.7
17.8894472362,423.3,489.7
17.9453517588,423.3,489.6
18.0012562814,423.2,489.6
18.057160804,423.2,489.5
18.1130653266,423.1,489.5
18.1689698492,423.1,489.4
18.2248743719,423,489.4
18.2807788945,423,489.3
18.3366834171,422.9,489.3
18.3925879397,422.9,489.2
18.4484924623,422.8,489.2
18.5043969849,422.8,489.1
18.5603015075,422.7,489.1
18.6162060302,422.7,489
18.6721105528,422.6,489
18.7280150754,422.6,488.9
18.783919598,422.5,488.9
18.8398241206,422.5,488.8
18.8957286432,422.4,488.8
18.9516331658,422.4,488.7
19.0075376884,422.3,488.7
19.0634422111,422.3,488.6
19.1193467337,422.2,488.6
19.1752512563,422.2,488.5
19.2311557789,422.1,488.4
19.2870603015,422,488.4
19.3429648241,422,488.3
19.3988693467,421.9,488.3
19.4547738693,421.9,488.2
19.510678392,421.8,488.2
19.5665829146,421.8,488.1
19.6224874372,421.7,488.1
19.6783919598,421.7,488
19.7342964824,421.6,488
19.790201005,421.6,487.9
19.8461055276,421.5,487.9
19.9020100503,421.5,487.8
19.9579145729,421.4,487.7
20.0138190955,421.4,487.7
20.0697236181,421.3,487.6
20.1256281407,421.2,487.6
20.1815326633,421.2,487.5
20.2374371859,421.1,487.5
20.2933417085,421.1,487.4
20.3492462312,421,487.4
20.4051507538,421,487.3
20.4610552764,420.9,487.2
20.516959799,420.9,487.2
20.5728643216,420.8,487.1
20.6287688442,420.7,487.1
20.6846733668,420.7,487
20.7405778894,420.6,487
20.7964824121,420.6,486.9
20.8523869347,420.5,486.8
20.9082914573,420.5,486.8
20.9641959799,420.4,486.7
21.0201005025,420.4,486.7
21.0760050251,420.3,486.6
21.1319095477,420.2,486.6
21.1878140704,420.2,486.5
21.243718593,420.1,486.4
21.2996231156,420.1,486.4
21.3555276382,420,486.3
21.4114321608,419.9,486.3
21.4673366834,419.9,486.2
21.523241206,419.8,486.1
21.5791457286,419.8,486.1
21.6350502513,419.7,486
21.6909547739,419.7,486
21.7468592965,419.6,485.9
21.8027638191,419.5,485.8
21.8586683417,419.5,485.8
21.9145728643,419.4,485.7
21.9704773869,419.4,485.7
22.0263819095,419.3,485.6
22.0822864322,419.2,485.5
22.1381909548,419.2,485.5
22.1940954774,419.1,485.4
22.25,419.1,485.4
22.3059045226,419,485.3
22.3618090452,418.9,485.2
22.4177135678,418.9,485.2
22.4736180905,418.8,485.1
22.5295226131,418.8,485.1
22.5854271357,418.7,485
22.6413316583,418.6,484.9
22.6972361809,418.6,484.9
22.7531407035,418.5,484.8
22.8090452261,418.5,484.8
22.8649497487,418.4,484.7
22.9208542714,418.3,484.6
22.976758794,418.3,484.6
23.0326633166,418.2,484.5
23.0885678392,418.1,484.4
23.1444723618,418.1,484.4
23.2003768844,418,484.3
23.256281407,418,484.3
23.3121859296,417.9,484.2
23.3680904523,417.8,484.1
23.4239949749,417.8,484.1
23.4798994975,417.7,484
23.5358040201,417.6,483.9
23.5917085427,417.6,483.9
23.6476130653,417.5,483.8
23.7035175879,417.5,483.7
23.7594221106,417.4,483.7
23.8153266332,417.3,483.6
23.8712311558,417.3,483.6
23.9271356784,417.2,483.5
23.983040201,417.1,483.4
24.0389447236,417.1,483.4
24.0948492462,417,483.3
24.1507537688,416.9,483.2
24.2066582915,416.9,483.2
24.2625628141,416.8,483.1
24.3184673367,416.7,483
24.3743718593,416.7,483
24.4302763819,416.6,482.9
24.4861809045,416.5,482.8
24.5420854271,416.5,482.8
24.5979899497,416.4,482.7
24.6538944724,416.4,482.6
24.709798995,315.6,482.6
24.7657035176,315.5,482.5
24.8216080402,315.5,482.4
24.8775125628,315.5,482.4
24.9334170854,315.4,482.3
24.989321608,315.4,482.2
25.0452261307,315.3,482.2
25.1011306533,315.3,482.1
25.1570351759,315.3,482
25.2129396985,315.2,482
25.2688442211,315.2,481.9
25.3247487437,315.2,481.8
25.3806532663,315.1,481.8
25.4365577889,315.1,481.7
25.4924623116,315,481.6
25.5483668342,315,481.6
25.6042713568,315,481.5
25.6601758794,314.9,481.4
25.716080402,314.9,481.3
25.7719849246,314.8,481.3
25.8278894472,314.8,481.2
25.8837939698,314.8,481.1
25.9396984925,314.7,481.1
25.9956030151,314.7,481
26.0515075377,314.6,480.9
26.1074120603,314.6,480.9
26.1633165829,314.6,480.8
26.2192211055,314.5,480.7
26.2751256281,314.5,480.7
26.3310301508,314.4,480.6
26.3869346734,314.4,480.5
26.442839196,314.4,480.4
26.4987437186,314.3,480.4
26.5546482412,314.3,480.3
26.6105527638,314.3,480.2
26.6664572864,314.2,480.2
26.722361809,314.2,480.1
26.7782663317,314.1,480
26.8341708543,314.1,479.9
26.8900753769,314.1,479.9
26.9459798995,314,479.8
27.0018844221,314,479.7
27.0577889447,313.9,479.7
27.1136934673,313.9,479.6
27.1695979899,313.9,479.5
27.2255025126,313.8,479.4
27.2814070352,313.8,479.4
27.3373115578,313.7,479.3
27.3932160804,313.7,479.2
27.449120603,313.7,479.1
27.5050251256,313.6,479.1
27.5609296482,313.6,479
27.6168341709,313.5,478.9
27.6727386935,313.5,478.9
27.7286432161,313.4,478.8
27.7845477387,313.4,478.7
27.8404522613,313.4,478.6
27.8963567839,313.3,478.6
27.9522613065,313.3,478.5
28.0081658291,313.2,478.4
28.0640703518,313.2,478.3
28.1199748744,313.2,478.3
28.175879397,313.1,478.2
28.2317839196,313.1,478.1
28.2876884422,313,478
28.3435929648,313,478
28.3994974874,313,477.9
28.4554020101,312.9,477.8
28.5113065327,312.9,477.7
28.5672110553,312.8,477.7
28.6231155779,312.8,477.6
28.6790201005,312.7,477.5
28.7349246231,312.7,477.4
28.7908291457,312.7,477.4
28.8467336683,312.6,477.3
28.902638191,312.6,477.2
28.9585427136,312.5,477.1
29.0144472362,312.5,477.1
29.0703517588,312.5,477
29.1262562814,312.4,476.9
29.182160804,312.4,476.8
29.2380653266,312.3,476.8
29.2939698492,312.3,476.7
29.3498743719,312.2,476.6
29.4057788945,312.2,476.5
29.4616834171,312.2,476.4
29.5175879397,312.1,476.4
29.5734924623,312.1,476.3
29.6293969849,312,476.2
29.6853015075,312,476.1
29.7412060302,312,476.1
29.7971105528,311.9,476
29.8530150754,311.9,475.9
29.908919598,311.8,475.8
29.9648241206,311.8,475.7
30.0207286432,311.7,475.7
30.0766331658,311.7,475.6
30.1325376884,311.7,475.5
30.1884422111,311.6,475.4
30.2443467337,311.6,475.3
30.3002512563,311.5,475.3
30.3561557789,311.5,475.2
30.4120603015,311.4,475.1
30.4679648241,311.4,475
30.5238693467,311.4,475
30.5797738693,311.3,474.9
30.635678392,311.3,474.8
30.6915829146,311.2,474.7
30.7474874372,311.2,474.6
30.8033919598,311.1,474.6
30.8592964824,311.1,474.5
30.915201005,311.1,474.4
30.9711055276,311,474.3
31.0270100503,311,474.2
31.0829145729,310.9,474.2
31.1388190955,310.9,474.1
31.1947236181,310.8,474
31.2506281407,310.8,473.9
31.3065326633,310.8,473.8
31.3624371859,310.7,473.7
31.4183417085,310.7,473.7
31.4742462312,310.6,473.6
31.5301507538,310.6,473.5
31.5860552764,310.5,473.4
31.641959799,310.5,473.3
31.6978643216,310.4,473.3
31.7537688442,310.4,473.2
31.8096733668,310.4,473.1
31.8655778894,310.3,473
31.9214824121,310.3,472.9
31.9773869347,310.2,472.8
32.0332914573,310.2,472.8
32.0891959799,310.1,472.7
32.1451005025,310.1,472.6
32.2010050251,310.1,472.5
32.2569095477,310,472.4
32.3128140704,310,472.3
32.368718593,309.9,472.3
32.4246231156,309.9,472.2
32.4805276382,309.8,472.1
32.5364321608,309.8,472
32.5923366834,309.7,471.9
32.648241206,309.7,471.8
32.7041457286,309.7,471.8
32.7600502513,309.6,471.7
32.8159547739,309.6,471.6
32.8718592965,309.5,471.5
32.9277638191,309.5,471.4
32.9836683417,309.4,471.3
33.0395728643,309.4,471.3
33.0954773869,309.3,471.2
33.1513819095,309.3,471.1
33.2072864322,309.3,471
33.2631909548,309.2,470.9
33.3190954774,309.2,470.8
33.375,309.1,470.7
33.4309045226,309.1,470.7
33.4868090452,309,470.6
33.5427135678,309,470.5
33.5986180905,308.9,470.4
33.6545226131,308.9,470.3
33.7104271357,308.9,470.2
33.7663316583,308.8,470.1
33.8222361809,308.8,470.1
33.8781407035,308.7,470
33.9340452261,308.7,469.9
33.9899497487,308.6,469.8
34.0458542714,308.6,469.7
34.101758794,308.5,469.6
34.1576633166,308.5,469.5
34.2135678392,308.5,469.4
34.2694723618,308.4,469.4
34.3253768844,308.4,469.3
34.381281407,308.3,469.2
34.4371859296,308.3,469.1
34.4930904523,308.2,469
34.5489949749,308.2,468.9
34.6048994975,308.1,468.8
34.6608040201,308.1,468.7
34.7167085427,308.1,468.7
34.7726130653,308,468.6
34.8285175879,308,468.5
34.8844221106,307.9,468.4
34.9403266332,307.9,468.3
34.9962311558,307.8,468.2
35.0521356784,307.8,468.1
35.108040201,307.7,468
35.1639447236,307.7,468
35.2198492462,307.6,467.9
35.2757537688,307.6,467.8
35.3316582915,307.6,467.7
35.3875628141,307.5,467.6
35.4434673367,307.5,467.5
35.4993718593,307.4,467.4
35.5552763819,307.4,467.3
35.6111809045,307.3,467.2
35.6670854271,307.3,467.1
35.7229899497,307.2,467.1
35.7788944724,307.2,467
35.834798995,307.2,466.9
35.8907035176,307.1,466.8
35.9466080402,307.1,466.7
36.0025125628,307,466.6
36.0584170854,307,466.5
36.114321608,306.9,466.4
36.1702261307,306.9,466.3
36.2261306533,306.8,466.2
36.2820351759,306.8,466.2
36.3379396985,306.7,466.1
36.3938442211,306.7,466
36.4497487437,306.7,465.9
36.5056532663,306.6,465.8
36.5615577889,306.6,465.7
36.6174623116,306.5,465.6
36.6733668342,306.5,465.5
36.7292713568,306.4,465.4
36.7851758794,306.4,465.3
36.841080402,306.3,465.2
36.8969849246,306.3,465.1
36.9528894472,306.3,465.1
37.0087939698,306.2,465
37.0646984925,306.2,464.9
37.1206030151,306.1,464.8
37.1765075377,306.1,464.7
37.2324120603,306,464.6
37.2883165829,306,464.5
37.3442211055,305.9,464.4
37.4001256281,305.9,464.3
37.4560301508,305.8,464.2
37.5119346734,305.8,464.1
37.567839196,305.8,464
37.6237437186,305.7,463.9
37.6796482412,305.7,463.8
37.7355527638,305.6,463.8
37.7914572864,305.6,463.7
37.847361809,305.5,463.6
37.9032663317,305.5,463.5
37.9591708543,305.4,463.4
38.0150753769,305.4,463.3
38.0709798995,305.4,463.2
38.1268844221,305.3,463.1
38.1827889447,305.3,463
38.2386934673,305.2,462.9
38.2945979899,305.2,462.8
38.3505025126,305.1,462.7
38.4064070352,305.1,462.6
38.4623115578,305,462.5
38.5182160804,305,462.4
38.574120603,304.9,462.3
38.6300251256,304.9,462.2
38.6859296482,304.9,462.1
38.7418341709,304.8,462.1
38.7977386935,304.8,462
38.8536432161,304.7,461.9
38.9095477387,304.7,461.8
38.9654522613,304.6,461.7
39.0213567839,304.6,461.6
39.0772613065,304.5,461.5
39.1331658291,304.5,461.4
39.1890703518,304.5,461.3
39.2449748744,304.4,461.2
39.300879397,304.4,461.1
39.3567839196,304.3,461
39.4126884422,304.3,460.9
39.4685929648,304.2,460.8
39.5244974874,304.2,460.7
39.5804020101,304.1,460.6
39.6363065327,304.1,460.5
39.6922110553,304,460.4
39.7481155779,304,460.3
39.8040201005,304,460.2
39.8599246231,303.9,460.1
39.9158291457,303.9,460
39.9717336683,303.8,459.9
40.027638191,303.8,459.8
40.0835427136,303.7,459.7
40.1394472362,303.7,459.6
40.1953517588,303.6,459.5
40.2512562814,303.6,459.4
40.307160804,303.6,459.3
40.3630653266,303.5,459.2
40.4189698492,303.5,459.1
40.4748743719,303.4,459.1
40.5307788945,303.4,459
40.5866834171,303.3,458.9
40.6425879397,303.3,458.8
40.6984924623,303.2,458.7
40.7543969849,303.2,458.6
40.8103015075,303.2,458.5
40.8662060302,303.1,458.4
40.9221105528,303.1,458.3
40.9780150754,303,458.2
41.033919598,303,458.1
41.0898241206,302.9,458
41.1457286432,302.9,457.9
41.2016331658,302.8,457.8
41.2575376884,302.8,457.7
41.3134422111,302.8,457.6
41.3693467337,302.7,457.5
41.4252512563,302.7,457.4
41.4811557789,302.6,457.3
41.5370603015,302.6,457.2
41.5929648241,302.5,457.1
41.6488693467,302.5,457
41.7047738693,302.5,456.9
41.760678392,302.4,456.8
41.8165829146,302.4,456.7
41.8724874372,302.3,456.6
41.9283919598,302.3,456.5
41.9842964824,302.2,456.4
42.040201005,302.2,456.3
42.0961055276,302.1,456.2
42.1520100503,302.1,456.1
42.2079145729,302.1,456
42.2638190955,302,455.9
42.3197236181,302,455.8
42.3756281407,301.9,455.7
42.4315326633,301.9,455.6
42.4874371859,301.8,455.5
42.5433417085,301.8,455.4
42.5992462312,301.8,455.3
42.6551507538,301.7,455.2
42.7110552764,301.7,455
42.766959799,301.6,454.9
42.8228643216,301.6,454.8
42.8787688442,301.5,454.7
42.9346733668,301.5,454.6
42.9905778894,301.4,454.5
43.0464824121,301.4,454.4
43.1023869347,301.4,454.3
43.1582914573,301.3,454.2
43.2141959799,301.3,454.1
43.2701005025,301.2,454
43.3260050251,301.2,453.9
43.3819095477,301.1,453.8
43.4378140704,301.1,453.7
43.493718593,301.1,453.6
43.5496231156,301,453.5
43.6055276382,301,453.4
43.6614321608,300.9,453.3
43.7173366834,300.9,453.2
43.773241206,300.8,453.1
43.8291457286,300.8,453
43.8850502513,300.8,452.9
43.9409547739,300.7,452.8
43.9968592965,300.7,452.7
44.0527638191,300.6,452.6
44.1086683417,300.6,452.5
44.1645728643,300.5,452.4
44.2204773869,300.5,452.3
44.2763819095,300.5,452.2
44.3322864322,300.4,452.1
44.3881909548,300.4,452
44.4440954774,300.3,451.9
44.5,300.3,451.8
44.5559045226,300.3,451.6
44.6118090452,300.2,451.5
44.6677135678,300.2,451.4
44.7236180905,300.1,451.3
44.7795226131,300.1,451.2
44.8354271357,300,451.1
44.8913316583,300,451
44.9472361809,300,450.9
45.0031407035,300,450.8
45.0590452261,300,450.7
45.1149497487,300,450.6
45.1708542714,300,450.5
45.226758794,300,450.4
45.2826633166,300,450.3
45.3385678392,300,450.2
45.3944723618,300,450.1
45.4503768844,300,450
45.506281407,300,449.9
45.5621859296,300,449.8
45.6180904523,300,449.7
45.6739949749,300,449.5
45.7298994975,300,449.4
45.7858040201,300,449.3
45.8417085427,300,449.2
45.8976130653,300,449.1
45.9535175879,300,449
46.0094221106,300,448.9
46.0653266332,300,448.8
46.1212311558,300,448.7
46.1771356784,300,448.6
46.233040201,300,448.5
46.2889447236,300,448.4
46.3448492462,300,448.3
46.4007537688,300,448.2
46.4566582915,300,448.1
46.5125628141,300,448
46.5684673367,300,447.9
46.6243718593,300,447.7
46.6802763819,300,447.6
46.7361809045,300,447.5
46.7920854271,300,447.4
46.8479899497,300,447.3
46.9038944724,300,447.2
46.959798995,300,447.1
47.0157035176,300,447
47.0716080402,300,446.9
47.1275125628,300,446.8
47.1834170854,300,446.7
47.239321608,300,446.6
47.2952261307,300,446.5
47.3511306533,300,446.3
47.4070351759,300,446.2
47.4629396985,300,446.1
47.5188442211,300,446
47.5747487437,300,445.9
47.6306532663,300,445.8
47.6865577889,300,445.7
47.7424623116,300,445.6
47.7983668342,300,445.5
47.8542713568,300,445.4
47.9101758794,300,445.3
47.966080402,300,445.2
48.0219849246,300,445.1
48.0778894472,300,444.9
48.1337939698,300,444.8
48.1896984925,300,444.7
48.2456030151,300,444.6
48.3015075377,300,444.5
48.3574120603,300,444.4
48.4133165829,300,444.3
48.4692211055,300,444.2
48.5251256281,300,444.1
48.5810301508,300,444
48.6369346734,300,443.9
48.692839196,300,443.8
48.7487437186,300,443.6
48.8046482412,300,443.5
48.8605527638,300,443.4
48.9164572864,300,443.3
48.972361809,300,443.2
49.0282663317,300,443.1
49.0841708543,300,443
49.1400753769,300,442.9
49.1959798995,300,442.8
49.2518844221,300,442.7
49.3077889447,300,442.6
49.3636934673,300,442.4
49.4195979899,300,442.3
49.4755025126,300,442.2
49.5314070352,300,442.1
49.5873115578,300,442
49.6432160804,300,441.9
49.699120603,300,441.8
49.7550251256,300,441.7
49.8109296482,300,441.6
49.8668341709,300,441.5
49.9227386935,300,441.3
49.9786432161,300,441.2
50.0345477387,300,441.1
50.0904522613,700,441
50.1463567839,700,440.9
50.2022613065,700,440.8
50.2581658291,700,440.7
50.3140703518,700,440.6
50.3699748744,700,440.5
50.425879397,700,440.4
50.4817839196,700,440.2
50.5376884422,700,440.1
50.5935929648,700,440
50.6494974874,700,439.9
50.7054020101,700,439.8
50.7613065327,700,439.7
50.8172110553,700,439.6
50.8731155779,700,439.5
50.9290201005,700,439.4
50.9849246231,700,439.3
51.0408291457,700,439.1
51.0967336683,700,439
51.152638191,700,438.9
51.2085427136,700,438.8
51.2644472362,700,438.7
51.3203517588,700,438.6
51.3762562814,700,438.5
51.432160804,700,438.4
51.4880653266,700,438.3
51.5439698492,700,438.2
51.5998743719,700,438
51.6557788945,700,437.9
51.7116834171,700,437.8
51.7675879397,700,437.7
51.8234924623,700,437.6
51.8793969849,700,437.5
51.9353015075,700,437.4
51.9912060302,700,437.3
52.0471105528,700,437.2
52.1030150754,700,437
52.158919598,700,436.9
52.2148241206,700,436.8
52.2707286432,700,436.7
52.3266331658,700,436.6
52.3825376884,700,436.5
52.4384422111,700,436.4
52.4943467337,700,436.3
52.5502512563,700,436.2
52.6061557789,700,436.1
52.6620603015,700,435.9
52.7179648241,700,435.8
52.7738693467,700,435.7
52.8297738693,700,435.6
52.885678392,700,435.5
52.9415829146,700,435.4
52.9974874372,700,435.3
53.0533919598,700,435.2
53.1092964824,700,435.1
53.165201005,700,434.9
53.2211055276,700,434.8
53.2770100503,700,434.7
53.3329145729,700,434.6
53.3888190955,700,434.5
53.4447236181,700,434.4
53.5006281407,700,434.3
53.5565326633,700,434.2
53.6124371859,700,434.1
53.6683417085,700,433.9
53.7242462312,700,433.8
53.7801507538,700,433.7
53.8360552764,700,433.6
53.891959799,700,433.5
53.9478643216,700,433.4
54.0037688442,700,433.3
54.0596733668,700,433.2
54.1155778894,700,433.1
54.1714824121,700,433
54.2273869347,700,432.8
54.2832914573,700,432.7
54.3391959799,700,432.6
54.3951005025,700,432.5
54.4510050251,700,432.4
54.5069095477,700,432.3
54.5628140704,700,432.2
54.618718593,700,432.1
54.6746231156,700,432
54.7305276382,700,431.8
54.7864321608,700,431.7
54.8423366834,700,431.6
54.898241206,700,431.5
54.9541457286,700,431.4
55.0100502513,700,431.3
55.0659547739,700,431.2
55.1218592965,700,431.1
55.1777638191,700,431
55.2336683417,700,430.9
55.2895728643,700,430.7
55.3454773869,700,430.6
55.4013819095,700,430.5
55.4572864322,700,430.4
55.5131909548,700,430.3
55.5690954774,700,430.2
55.625,700,430.1
55.6809045226,700,430
55.7368090452,700,429.9
55.7927135678,700,429.8
55.8486180905,700,429.7
55.9045226131,700,429.5
55.9604271357,700,429.4
56.0163316583,700,429.3
56.0722361809,700,429.2
56.1281407035,700,429.1
56.1840452261,700,429
56.2399497487,700,428.9
56.2958542714,700,428.8
56.351758794,700,428.7
56.4076633166,700,428.6
56.4635678392,700,428.5
56.5194723618,700,428.3
56.5753768844,700,428.2
56.631281407,700,428.1
56.6871859296,700,428
56.7430904523,700,427.9
56.7989949749,700,427.8
56.8548994975,700,427.7
56.9108040201,700,427.6
56.9667085427,700,427.5
57.0226130653,700,427.4
57.0785175879,700,427.3
57.1344221106,700,427.1
57.1903266332,700,427
57.2462311558,700,426.9
57.3021356784,700,426.8
57.358040201,700,426.7
57.4139447236,700,426.6
57.4698492462,700,426.5
57.5257537688,700,426.4
57.5816582915,700,426.3
57.6375628141,700,426.2
57.6934673367,700,426.1
57.7493718593,700,426
57.8052763819,700,425.9
57.8611809045,700,425.7
57.9170854271,700,425.6
57.9729899497,700,425.5
58.0288944724,700,425.4
58.084798995,700,425.3
58.1407035176,700,425.2
58.1966080402,700,425.1
58.2525125628,700,425
58.3084170854,700,424.9
58.364321608,700,424.8
58.4202261307,700,424.7
58.4761306533,700,424.6
58.5320351759,700,424.5
58.5879396985,700,424.4
58.6438442211,700,424.3
58.6997487437,700,424.2
58.7556532663,700,424
58.8115577889,700,423.9
58.8674623116,700,423.8
58.9233668342,700,423.7
58.9792713568,700,423.6
59.0351758794,700,423.5
59.091080402,700,423.4
59.1469849246,700,423.3
59.2028894472,700,423.2
59.2587939698,700,423.1
59.3146984925,700,423
59.3706030151,700,422.9
59.4265075377,700,422.8
59.4824120603,700,422.7
59.5383165829,700,422.6
59.5942211055,700,422.5
59.6501256281,700,422.4
59.7060301508,700,422.3
59.7619346734,700,422.2
59.817839196,700,422.1
59.8737437186,700,422
59.9296482412,700,421.8
59.9855527638,700,421.7
60.0414572864,700,421.6
60.097361809,700,421.5
60.1532663317,700,421.4
60.2091708543,700,421.3
60.2650753769,700,421.2
60.3209798995,700,421.1
60.3768844221,700,421
60.4327889447,700,420.9
60.4886934673,700,420.8
60.5445979899,700,420.7
60.6005025126,700,420.6
60.6564070352,700,420.5
60.7123115578,700,700
60.7682160804,700,700
60.824120603,700,700
60.8800251256,700,700
60.9359296482,700,700
60.9918341709,700,700
61.0477386935,700,700
61.1036432161,700,700
61.1595477387,700,700
61.2154522613,700,700
61.2713567839,700,700
61.3272613065,700,700
61.3831658291,700,700
61.4390703518,700,700
61.4949748744,700,700
61.550879397,700,700
61.6067839196,700,700
61.6626884422,700,700
61.7185929648,700,700
61.7744974874,700,700
61.8304020101,700,700
61.8863065327,700,700
61.9422110553,700,700
61.9981155779,700,700
62.0540201005,700,700
62.1099246231,700,700
62.1658291457,700,700
62.2217336683,700,700
62.277638191,700,700
62.3335427136,700,700
62.3894472362,700,700
62.4453517588,700,700
62.5012562814,700,700
62.557160804,700,700
62.6130653266,700,700
62.6689698492,700,700
62.7248743719,700,700
62.7807788945,700,700
62.8366834171,700,700
62.8925879397,700,700
62.9484924623,700,700
63.0043969849,700,700
63.0603015075,700,700
63.1162060302,700,700
63.1721105528,700,700
63.2280150754,700,700
63.283919598,700,700
63.3398241206,700,700
63.3957286432,700,700
63.4516331658,700,700
63.5075376884,700,700
63.5634422111,700,700
63.6193467337,700,700
63.6752512563,700,700
63.7311557789,700,700
63.7870603015,699.7,700
63.8429648241,699.4,700
63.8988693467,699.2,700
63.9547738693,698.9,700
64.010678392,698.6,700
64.0665829146,698.4,700
64.1224874372,698.1,700
64.1783919598,697.8,700
64.2342964824,697.6,700
64.290201005,697.3,700
64.3461055276,697,700
64.4020100503,696.8,700
64.4579145729,696.5,700
64.5138190955,696.3,700
64.5697236181,696,700
64.6256281407,695.7,700
64.6815326633,695.5,700
64.7374371859,695.2,700
64.7933417085,695,700
64.8492462312,694.7,700
64.9051507538,694.5,700
64.9610552764,694.2,700
65.016959799,694,700
65.0728643216,693.7,700
65.1287688442,693.5,700
65.1846733668,693.2,700
65.2405778894,693,700
65.2964824121,692.7,700
65.3523869347,692.5,700
65.4082914573,692.2,700
65.4641959799,692,700
65.5201005025,691.7,700
65.5760050251,691.5,700
65.6319095477,691.2,700
65.6878140704,691,700
65.743718593,690.7,700
65.7996231156,690.5,700
65.8555276382,690.3,700
65.9114321608,690,700
65.9673366834,689.8,700
66.023241206,689.5,700
66.0791457286,689.3,700
66.1350502513,689.1,700
66.1909547739,688.8,700
66.2468592965,688.6,700
66.3027638191,688.4,700
66.3586683417,688.1,700
66.4145728643,687.9,700
66.4704773869,687.7,700
66.5263819095,687.4,700
66.5822864322,687.2,700
66.6381909548,687,700
66.6940954774,686.7,700
66.75,686.5,700
66.8059045226,686.3,700
66.8618090452,686,700
66.9177135678,685.8,700
66.9736180905,685.6,700
67.0295226131,685.4,700
67.0854271357,685.1,700
67.1413316583,684.9,700
67.1972361809,684.7,700
67.2531407035,684.4,700
67.3090452261,684.2,700
67.3649497487,684,699.9
67.4208542714,683.8,699.7
67.476758794,683.6,699.6
67.5326633166,683.3,699.5
67.5885678392,683.1,699.4
67.6444723618,682.9,699.2
67.7003768844,682.7,699.1
67.756281407,682.5,699
67.8121859296,682.2,698.9
67.8680904523,682,698.7
67.9239949749,681.8,698.6
67.9798994975,681.6,698.5
68.0358040201,681.4,698.4
68.0917085427,681.1,698.2
68.1476130653,680.9,698.1
68.2035175879,680.7,698
68.2594221106,680.5,697.9
68.3153266332,680.3,697.8
68.3712311558,680.1,697.6
68.4271356784,679.9,697.5
68.483040201,679.7,697.4
68.5389447236,679.4,697.3
68.5948492462,679.2,697.1
68.6507537688,679,697
68.7066582915,678.8,696.9
68.7625628141,678.6,696.8
68.8184673367,678.4,696.7
68.8743718593,678.2,696.5
68.9302763819,678,696.4
68.9861809045,677.8,696.3
69.0420854271,677.6,696.2
69.0979899497,677.4,696.1
69.1538944724,677.2,695.9
69.209798995,676.9,695.8
69.2657035176,676.7,695.7
69.3216080402,676.5,695.6
69.3775125628,676.3,695.5
69.4334170854,676.1,695.3
69.489321608,675.9,695.2
69.5452261307,675.7,695.1
69.6011306533,675.5,695
69.6570351759,675.3,694.9
69.7129396985,675.1,694.8
69.7688442211,674.9,694.6
69.8247487437,674.7,694.5
69.8806532663,674.5,694.4
69.9365577889,674.3,694.3
69.9924623116,674.1,694.2
70.0483668342,673.9,694.1
70.1042713568,673.7,693.9
70.1601758794,673.5,693.8
70.216080402,673.3,693.7
70.2719849246,673.2,693.6
70.3278894472,673,693.5
70.3837939698,672.8,693.4
70.4396984925,672.6,693.3
70.4956030151,672.4,693.1
70.5515075377,672.2,693
70.6074120603,672,692.9
70.6633165829,671.8,692.8
70.7192211055,671.6,692.7
70.7751256281,671.4,692.6
70.8310301508,671.2,692.5
70.8869346734,671,692.4
70.942839196,670.9,692.3
70.9987437186,670.7,692.1
71.0546482412,670.5,692
71.1105527638,670.3,691.9
71.1664572864,670.1,691.8
71.222361809,669.9,691.7
71.2782663317,669.7,691.6
71.3341708543,669.5,691.5
71.3900753769,669.4,691.4
71.4459798995,669.2,691.3
71.5018844221,669,691.1
71.5577889447,668.8,691
71.6136934673,668.6,690.9
71.6695979899,668.4,690.8
71.7255025126,668.3,690.7
71.7814070352,668.1,690.6
71.8373115578,667.9,690.5
71.8932160804,667.7,690.4
71.949120603,667.5,690.3
72.0050251256,667.4,690.2
72.0609296482,667.2,690.1
72.1168341709,667,690
72.1727386935,666.8,689.9
72.2286432161,666.6,689.8
72.2845477387,666.5,689.7
72.3404522613,666.3,689.5
72.3963567839,666.1,689.4
72.4522613065,665.9,689.3
72.5081658291,665.8,689.2
72.5640703518,665.6,689.1
72.6199748744,665.4,689
72.675879397,665.2,688.9
72.7317839196,665.1,688.8
72.7876884422,664.9,688.7
72.8435929648,664.7,688.6
72.8994974874,664.6,688.5
72.9554020101,664.4,688.4
73.0113065327,664.2,688.3
73.0672110553,664,688.2
73.1231155779,663.9,688.1
73.1790201005,663.7,688
73.2349246231,663.5,687.9
73.2908291457,663.4,687.8
73.3467336683,663.2,687.7
73.402638191,663,687.6
73.4585427136,662.9,687.5
73.5144472362,662.7,687.4
73.5703517588,662.5,687.3
73.6262562814,662.4,687.2
73.682160804,662.2,687.1
73.7380653266,662,687
73.7939698492,661.9,686.9
73.8498743719,661.7,686.8
73.9057788945,661.6,686.7
73.9616834171,661.4,686.6
74.0175879397,661.2,686.5
74.0734924623,661.1,686.4
74.1293969849,660.9,686.3
74.1853015075,660.7,686.2
74.2412060302,660.6,686.1
74.2971105528,660.4,686
74.3530150754,660.3,685.9
74.408919598,660.1,685.9
74.4648241206,660,685.8
74.5207286432,659.8,685.7
74.5766331658,659.6,685.6
74.6325376884,659.5,685.5
74.6884422111,659.3,685.4
74.7443467337,659.2,685.3
74.8002512563,659,685.2
74.8561557789,658.9,685.1
74.9120603015,658.7,685
74.9679648241,658.6,684.9
75.0238693467,658.4,684.8
75.0797738693,658.2,684.7
75.135678392,658.1,684.6
75.1915829146,657.9,684.6
75.2474874372,657.8,684.5
75.3033919598,657.6,684.4
75.3592964824,657.5,684.3
75.415201005,657.3,684.2
75.4711055276,657.2,684.1
75.5270100503,657,684
75.5829145729,656.9,683.9
75.6388190955,656.7,683.8
75.6947236181,656.6,683.8
75.7506281407,656.5,683.7
75.8065326633,656.3,683.6
75.8624371859,656.2,683.5
75.9183417085,656,683.4
75.9742462312,655.9,683.3
76.0301507538,655.7,683.2
76.0860552764,655.6,683.1
76.141959799,655.4,683.1
76.1978643216,655.3,683
76.2537688442,655.2,682.9
76.3096733668,655,682.8
76.3655778894,654.9,682.7
76.4214824121,654.7,682.6
76.4773869347,654.6,682.6
76.5332914573,654.5,682.5
76.5891959799,654.3,682.4
76.6451005025,654.2,682.3
76.7010050251,654,682.2
76.7569095477,653.9,682.1
76.8128140704,653.8,682.1
76.868718593,653.6,682
76.9246231156,653.5,681.9
76.9805276382,653.4,681.8
77.0364321608,653.2,681.7
77.0923366834,653.1,681.7
77.148241206,652.9,681.6
77.2041457286,652.8,681.5
77.2600502513,652.7,681.4
77.3159547739,652.5,681.3
77.3718592965,652.4,681.3
77.4277638191,652.3,681.2
77.4836683417,652.2,681.1
77.5395728643,652,681
77.5954773869,651.9,680.9
77.6513819095,651.8,680.9
77.7072864322,651.6,680.8
77.7631909548,651.5,680.7
77.8190954774,651.4,680.6
77.875,651.2,680.6
77.9309045226,651.1,680.5
77.9868090452,651,680.4
78.0427135678,650.9,680.3
78.0986180905,650.7,680.3
78.1545226131,650.6,680.2
78.2104271357,650.5,680.1
78.2663316583,650.4,680
78.3222361809,650.2,680
78.3781407035,650.1,679.9
78.4340452261,650,679.8
78.4899497487,649.9,679.7
78.5458542714,649.8,679.7
78.601758794,649.6,679.6
78.6576633166,649.5,679.5
78.7135678392,649.4,679.5
78.7694723618,649.3,679.4
78.8253768844,649.2,679.3
78.881281407,649,679.3
78.9371859296,648.9,679.2
78.9930904523,648.8,679.1
79.0489949749,648.7,679
79.1048994975,648.6,679
79.1608040201,648.4,678.9
79.2167085427,648.3,678.8
79.2726130653,648.2,678.8
79.3285175879,648.1,678.7
79.3844221106,648,678.6
79.4403266332,647.9,678.6
79.4962311558,647.8,678.5
79.5521356784,647.6,678.4
79.608040201,647.5,678.4
79.6639447236,647.4,678.3
79.7198492462,647.3,678.2
79.7757537688,647.2,678.2
79.8316582915,647.1,678.1
79.8875628141,647,678.1
79.9434673367,646.9,678
79.9993718593,646.8,677.9
80.0552763819,646.7,677.9
80.1111809045,646.6,677.8
80.1670854271,646.4,677.7
80.2229899497,646.3,677.7
80.2788944724,646.2,677.6
80.334798995,646.1,677.6
80.3907035176,646,677.5
80.4466080402,645.9,677.4
80.5025125628,645.8,677.4
80.5584170854,645.7,677.3
80.614321608,645.6,677.3
80.6702261307,645.5,677.2
80.7261306533,645.4,677.1
80.7820351759,645.3,677.1
80.8379396985,645.2,677
80.8938442211,645.1,677
80.9497487437,645,676.9
81.0056532663,644.9,676.9
81.0615577889,644.8,676.8
81.1174623116,644.7,676.7
81.1733668342,644.6,676.7
81.2292713568,644.5,676.6
81.2851758794,644.4,676.6
81.341080402,644.3,676.5
81.3969849246,644.2,676.5
81.4528894472,644.1,676.4
81.5087939698,644,676.4
81.5646984925,643.9,676.3
81.6206030151,643.9,676.3
81.6765075377,643.8,676.2
81.7324120603,643.7,676.1
81.7883165829,643.6,676.1
81.8442211055,643.5,676
81.9001256281,643.4,676
81.9560301508,643.3,675.9
82.0119346734,643.2,675.9
82.067839196,643.1,675.8
82.1237437186,643,675.8
82.1796482412,643,675.7
82.2355527638,642.9,675.7
82.2914572864,642.8,675.6
82.347361809,642.7,675.6
82.4032663317,642.6,675.5
82.4591708543,642.5,675.5
82.5150753769,642.4,675.5
82.5709798995,642.4,675.4
82.6268844221,642.3,675.4
82.6827889447,642.2,675.3
82.7386934673,642.1,675.3
82.7945979899,642,675.2
82.8505025126,641.9,675.2
82.9064070352,641.9,675.1
82.9623115578,641.8,675.1
83.0182160804,641.7,675
83.074120603,641.6,675
83.1300251256,641.5,675
83.1859296482,641.5,674.9
83.2418341709,641.4,674.9
83.2977386935,641.3,674.8
83.3536432161,641.2,674.8
83.4095477387,641.2,674.8
83.4654522613,641.1,674.7
83.5213567839,641,674.7
83.5772613065,640.9,674.6
83.6331658291,640.9,674.6
83.6890703518,640.8,674.6
83.7449748744,640.7,674.5
83.800879397,640.6,674.5
83.8567839196,640.6,674.4
83.9126884422,640.5,674.4
83.9685929648,640.4,674.4
84.0244974874,640.4,674.3
84.0804020101,640.3,674.3
84.1363065327,640.2,674.3
84.1922110553,640.2,674.2
84.2481155779,640.1,674.2
84.3040201005,640,674.2
84.3599246231,640,674.1
84.4158291457,639.9,674.1
84.4717336683,639.8,674
84.527638191,639.8,674
84.5835427136,639.7,674
84.6394472362,639.6,673.9
84.6953517588,639.6,673.9
84.7512562814,639.5,673.9
84.807160804,639.5,673.9
84.8630653266,639.4,673.8
84.9189698492,639.3,673.8
84.9748743719,639.3,673.8
85.0307788945,639.2,673.7
85.0866834171,639.2,673.7
85.1425879397,639.1,673.7
85.1984924623,639,673.6
85.2543969849,639,673.6
85.3103015075,638.9,673.6
85.3662060302,638.9,673.6
85.4221105528,638.8,673.5
85.4780150754,638.8,673.5
85.533919598,638.7,673.5
85.5898241206,638.6,673.5
85.6457286432,638.6,673.4
85.7016331658,638.5,673.4
85.7575376884,638.5,673.4
85.8134422111,638.4,673.4
85.8693467337,638.4,673.3
85.9252512563,638.3,673.3
85.9811557789,638.3,673.3
86.0370603015,638.2,673.3
86.0929648241,638.2,673.2
86.1488693467,638.1,673.2
86.2047738693,638.1,673.2
86.260678392,638.1,673.2
86.3165829146,638,673.2
86.3724874372,638,673.1
86.4283919598,637.9,673.1
86.4842964824,637.9,673.1
86.540201005,637.8,673.1
86.5961055276,637.8,673.1
86.6520100503,637.7,673
86.7079145729,637.7,673
86.7638190955,637.7,673
86.8197236181,637.6,673
86.8756281407,637.6,673
86.9315326633,637.5,673
86.9874371859,637.5,672.9
87.0433417085,637.5,672.9
87.0992462312,637.4,672.9
87.1551507538,637.4,672.9
87.2110552764,637.3,672.9
87.266959799,637.3,672.9
87.3228643216,637.3,672.9
87.3787688442,637.2,672.8
87.4346733668,637.2,672.8
87.4905778894,637.2,672.8
87.5464824121,637.1,672.8
87.6023869347,637.1,672.8
87.6582914573,637.1,672.8
87.7141959799,637,672.8
87.7701005025,637,672.8
87.8260050251,637,672.8
87.8819095477,636.9,672.7
87.9378140704,636.9,672.7
87.993718593,636.9,672.7
88.0496231156,636.9,672.7
88.1055276382,636.8,672.7
88.1614321608,636.8,672.7
88.2173366834,636.8,672.7
88.273241206,636.8,672.7
88.3291457286,636.7,672.7
88.3850502513,636.7,672.7
88.4409547739,636.7,672.7
88.4968592965,636.7,672.7
88.5527638191,636.6,672.7
88.6086683417,636.6,672.7
88.6645728643,636.6,672.7
88.7204773869,636.6,672.7
88.7763819095,636.5,672.7
88.8322864322,636.5,672.7
88.8881909548,636.5,672.6
88.9440954774,636.5,672.6
89,636.5,672.6
