Thetas,H1_empty,B2_empty,FWHM_empty
0.000000000000000000e+00,5.686999999999999318e+02,2.681734620598017926e+01,2.213000000000000114e+02
5.562422744128554114e-02,5.686999999999999318e+02,2.681733046012470467e+01,2.213000000000000114e+02
1.112484548825710823e-01,5.686999999999999318e+02,2.681728322252892127e+01,2.213000000000000114e+02
1.668726823238566304e-01,5.686999999999999318e+02,2.681720449310482479e+01,2.213000000000000114e+02
2.224969097651421646e-01,5.686999999999999318e+02,2.681709427170570947e+01,2.213000000000000114e+02
2.781211372064277265e-01,5.686999999999999318e+02,2.681695255812615741e+01,2.213000000000000114e+02
3.337453646477132607e-01,5.686999999999999318e+02,2.681677935210199237e+01,2.213000000000000114e+02
3.893695920889987949e-01,5.686999999999999318e+02,2.681657465331028334e+01,2.213000000000000114e+02
4.449938195302843291e-01,5.686999999999999318e+02,2.681633846136920951e+01,2.213000000000000114e+02
5.006180469715698633e-01,5.686999999999999318e+02,2.681607077583807452e+01,2.213000000000000114e+02
5.562422744128554530e-01,5.686999999999999318e+02,2.681577159621721762e+01,2.211999999999999886e+02
6.118665018541409317e-01,5.686999999999999318e+02,2.681544092194789641e+01,2.211999999999999886e+02
6.674907292954265214e-01,5.686999999999999318e+02,2.681507875241225847e+01,2.211999999999999886e+02
7.231149567367120001e-01,5.686999999999999318e+02,2.681468508693319208e+01,2.211999999999999886e+02
7.787391841779975898e-01,5.686999999999999318e+02,2.681425992477423037e+01,2.211999999999999886e+02
8.343634116192830685e-01,5.686999999999999318e+02,2.681380326513945889e+01,2.211999999999999886e+02
8.899876390605686582e-01,5.686999999999999318e+02,2.681331510717333089e+01,2.211999999999999886e+02
9.456118665018542480e-01,5.686999999999999318e+02,2.681279544996063180e+01,2.211999999999999886e+02
1.001236093943139727e+00,5.686999999999999318e+02,2.681224429252619501e+01,1.281999999999999886e+02
1.056860321384425205e+00,5.686999999999999318e+02,2.681166163383486989e+01,1.281999999999999886e+02
1.112484548825710906e+00,5.686999999999999318e+02,2.681104747279127309e+01,1.281999999999999886e+02
1.168108776266996385e+00,5.686999999999999318e+02,2.681040180823967134e+01,1.281999999999999886e+02
1.223733003708281863e+00,5.686999999999999318e+02,2.680972463896373270e+01,1.281999999999999886e+02
1.279357231149567342e+00,5.686999999999999318e+02,2.680901596368637740e+01,1.281999999999999886e+02
1.334981458590853043e+00,5.686999999999999318e+02,2.680827578106957887e+01,1.281999999999999886e+02
1.390605686032138522e+00,5.686999999999999318e+02,2.680750408971411147e+01,1.281999999999999886e+02
1.446229913473424000e+00,5.686999999999999318e+02,2.680670088815932317e+01,1.281999999999999886e+02
1.501854140914709701e+00,5.686999999999999318e+02,2.680586617488297918e+01,1.281999999999999886e+02
1.557478368355995180e+00,5.685999999999999091e+02,2.680499994830088539e+01,2.213000000000000114e+02
1.613102595797280658e+00,5.685999999999999091e+02,2.680410220676673205e+01,2.211999999999999886e+02
1.668726823238566137e+00,5.685999999999999091e+02,2.680317294857182020e+01,2.211999999999999886e+02
1.724351050679851838e+00,5.685999999999999091e+02,2.680221217194470995e+01,2.211999999999999886e+02
1.779975278121137316e+00,5.685999999999999091e+02,2.680121987505103931e+01,2.211999999999999886e+02
1.835599505562422795e+00,5.685999999999999091e+02,2.680019605599315824e+01,2.655000000000000000e+02
1.891223733003708496e+00,5.685999999999999091e+02,2.679914071280980536e+01,2.655000000000000000e+02
1.946847960444993975e+00,5.685999999999999091e+02,2.679805384347586639e+01,2.655000000000000000e+02
2.002472187886279453e+00,5.685999999999999091e+02,2.679693544590197973e+01,1.281999999999999886e+02
2.058096415327565154e+00,5.685999999999999091e+02,2.679578551793422392e+01,2.211999999999999886e+02
2.113720642768850411e+00,5.685999999999999091e+02,2.679460405735375517e+01,2.211999999999999886e+02
2.169344870210136111e+00,5.685999999999999091e+02,2.679339106187644859e+01,2.211999999999999886e+02
2.224969097651421812e+00,5.685999999999999091e+02,2.679214652915256067e+01,2.210999999999999943e+02
2.280593325092707069e+00,5.684999999999998863e+02,2.679087045676628520e+01,2.210999999999999943e+02
2.336217552533992770e+00,5.684999999999998863e+02,2.678956284223544770e+01,2.210999999999999943e+02
2.391841779975278470e+00,5.684999999999998863e+02,2.678822368301099743e+01,2.210999999999999943e+02
2.447466007416563727e+00,5.684999999999998863e+02,2.678685297647664854e+01,2.210999999999999943e+02
2.503090234857849428e+00,5.684999999999998863e+02,2.678545071994850701e+01,1.281999999999999886e+02
2.558714462299134684e+00,5.684999999999998863e+02,2.678401691067450585e+01,1.281999999999999886e+02
2.614338689740420385e+00,5.684999999999998863e+02,2.678255154583412079e+01,1.281999999999999886e+02
2.669962917181706086e+00,5.684999999999998863e+02,2.678105462253774149e+01,1.280999999999999943e+02
2.725587144622991342e+00,5.684999999999998863e+02,2.677952613782633051e+01,2.653999999999999773e+02
2.781211372064277043e+00,5.684999999999998863e+02,2.677796608867091166e+01,2.653999999999999773e+02
2.836835599505562744e+00,5.683999999999999773e+02,2.677637447197204779e+01,2.653999999999999773e+02
2.892459826946848001e+00,5.683999999999999773e+02,2.677475128455935760e+01,2.210999999999999943e+02
2.948084054388133701e+00,5.683999999999999773e+02,2.677309652319103606e+01,2.210999999999999943e+02
3.003708281829419402e+00,5.683999999999999773e+02,2.677141018455325749e+01,2.210999999999999943e+02
3.059332509270704659e+00,5.683999999999999773e+02,2.676969226525974221e+01,2.209999999999999716e+02
3.114956736711990359e+00,5.683999999999999773e+02,2.676794276185110988e+01,2.209999999999999716e+02
3.170580964153276060e+00,5.683999999999999773e+02,2.676616167079440700e+01,2.209999999999999716e+02
3.226205191594561317e+00,5.683999999999999773e+02,2.676434898848246746e+01,2.209999999999999716e+02
3.281829419035847017e+00,5.682999999999999545e+02,2.676250471123340446e+01,2.209999999999999716e+02
3.337453646477132274e+00,5.682999999999999545e+02,2.676062883528997816e+01,2.209999999999999716e+02
3.393077873918417975e+00,5.682999999999999545e+02,2.675872135681902009e+01,1.280999999999999943e+02
3.448702101359703676e+00,5.682999999999999545e+02,2.675678227191079017e+01,2.652999999999998977e+02
3.504326328800988932e+00,5.682999999999999545e+02,2.675481157657842957e+01,2.652999999999998977e+02
3.559950556242274633e+00,5.682999999999999545e+02,2.675280926675721460e+01,2.209999999999999716e+02
3.615574783683560334e+00,5.682999999999999545e+02,2.675077533830404874e+01,2.209999999999999716e+02
3.671199011124845590e+00,5.681999999999999318e+02,2.674870978699672008e+01,2.209999999999999716e+02
3.726823238566131291e+00,5.681999999999999318e+02,2.674661260853328670e+01,2.208999999999999773e+02
3.782447466007416992e+00,5.681999999999999318e+02,2.674448379853135904e+01,1.280999999999999943e+02
3.838071693448702248e+00,5.681999999999999318e+02,2.674232335252750659e+01,2.208999999999999773e+02
3.893695920889987949e+00,5.681999999999999318e+02,2.674013126597646917e+01,2.208999999999999773e+02
3.949320148331273206e+00,5.681999999999999318e+02,2.673790753425051747e+01,2.208999999999999773e+02
4.004944375772558907e+00,5.681999999999999318e+02,2.673565215263871764e+01,2.651999999999999318e+02
4.060568603213844163e+00,5.680999999999999091e+02,2.673336511634624557e+01,1.280999999999998806e+02
4.116192830655130308e+00,5.680999999999999091e+02,2.673104642049364088e+01,1.280999999999998806e+02
4.171817058096415565e+00,5.680999999999999091e+02,2.672869606011606791e+01,1.280999999999998806e+02
4.227441285537700821e+00,5.680999999999999091e+02,2.672631403016258034e+01,2.208999999999999773e+02
4.283065512978986966e+00,5.680999999999999091e+02,2.672390032549536443e+01,2.207999999999999545e+02
4.338689740420272223e+00,5.680999999999999091e+02,2.672145494088895390e+01,2.207999999999999545e+02
4.394313967861557479e+00,5.679999999999998863e+02,2.671897787102955846e+01,1.280999999999998806e+02
4.449938195302843624e+00,5.679999999999998863e+02,2.671646911051415785e+01,2.207999999999999545e+02
4.505562422744128881e+00,5.679999999999998863e+02,2.671392865384981263e+01,2.207999999999999545e+02
4.561186650185414138e+00,5.679999999999998863e+02,2.671135649545283286e+01,2.206999999999999602e+02
4.616810877626700282e+00,5.679999999999998863e+02,2.670875262964801777e+01,2.206999999999999602e+02
4.672435105067985539e+00,5.678999999999998636e+02,2.670611705066779251e+01,1.280999999999998806e+02
4.728059332509270796e+00,5.678999999999998636e+02,2.670344975265148690e+01,1.280999999999998806e+02
4.783683559950556941e+00,5.678999999999998636e+02,2.670075072964446150e+01,2.206999999999999034e+02
4.839307787391842197e+00,5.678999999999998636e+02,2.669801997559726914e+01,2.206999999999999034e+02
4.894932014833127454e+00,5.678999999999998636e+02,2.669525748436491597e+01,2.650999999999999091e+02
4.950556242274413599e+00,5.678999999999998636e+02,2.669246324970596262e+01,1.280999999999998806e+02
5.006180469715698855e+00,5.677999999999998408e+02,2.668963726528171421e+01,2.205999999999999091e+02
5.061804697156984112e+00,5.677999999999998408e+02,2.668677952465541381e+01,2.205999999999999091e+02
5.117428924598269369e+00,5.677999999999998408e+02,2.668389002129133303e+01,2.205999999999999091e+02
5.173053152039555513e+00,5.677999999999998408e+02,2.668096874855402234e+01,1.280999999999998806e+02
5.228677379480840770e+00,5.676999999999999318e+02,2.667801569970742293e+01,1.279999999999999858e+02
5.284301606922126027e+00,5.676999999999999318e+02,2.667503086791401401e+01,2.650000000000000000e+02
5.339925834363412172e+00,5.676999999999999318e+02,2.667201424623397799e+01,2.650000000000000000e+02
5.395550061804697428e+00,5.676999999999999318e+02,2.666896582762437973e+01,2.205999999999999943e+02
5.451174289245982685e+00,5.676999999999999318e+02,2.666588560493830684e+01,1.279999999999999858e+02
5.506798516687268830e+00,5.676000000000000227e+02,2.666277357092399214e+01,2.205000000000000000e+02
5.562422744128554086e+00,5.676000000000000227e+02,2.665962971822406047e+01,2.205000000000000000e+02
5.618046971569839343e+00,5.676000000000000227e+02,2.665645403937457303e+01,2.203999999999999773e+02
5.673671199011125488e+00,5.676000000000000227e+02,2.665324652680429551e+01,1.279999999999999858e+02
5.729295426452410744e+00,5.676000000000000227e+02,2.665000717283379572e+01,2.648999999999999773e+02
5.784919653893696001e+00,5.675000000000000000e+02,2.664673596967467262e+01,2.205000000000000000e+02
5.840543881334982146e+00,5.675000000000000000e+02,2.664343290942867526e+01,2.203999999999999773e+02
5.896168108776267403e+00,5.675000000000000000e+02,2.664009798408689278e+01,1.279999999999999858e+02
5.951792336217552659e+00,5.675000000000000000e+02,2.663673118552899410e+01,2.203999999999999773e+02
6.007416563658838804e+00,5.673999999999999773e+02,2.663333250552238951e+01,2.202999999999999829e+02
6.063040791100124061e+00,5.673999999999999773e+02,2.662990193572139930e+01,2.648000000000000114e+02
6.118665018541409317e+00,5.673999999999999773e+02,2.662643946766652547e+01,1.279999999999999858e+02
6.174289245982695462e+00,5.673999999999999773e+02,2.662294509278363819e+01,1.279999999999999858e+02
6.229913473423980719e+00,5.672999999999999545e+02,2.661941880238320834e+01,2.202999999999999829e+02
6.285537700865265975e+00,5.672999999999999545e+02,2.661586058765956153e+01,1.279999999999999858e+02
6.341161928306552120e+00,5.672999999999999545e+02,2.661227043969016037e+01,2.202999999999999829e+02
6.396786155747837377e+00,5.672999999999999545e+02,2.660864834943476609e+01,2.201999999999999602e+02
6.452410383189122633e+00,5.671999999999999318e+02,2.660499430773486296e+01,2.201999999999999602e+02
6.508034610630407890e+00,5.671999999999999318e+02,2.660130830531289448e+01,1.279999999999999858e+02
6.563658838071694035e+00,5.671999999999999318e+02,2.659759033277151374e+01,1.278999999999999773e+02
6.619283065512979292e+00,5.671999999999999318e+02,2.659384038059302569e+01,2.201999999999999318e+02
6.674907292954264548e+00,5.670999999999999091e+02,2.659005843913864098e+01,2.646999999999999886e+02
6.730531520395550693e+00,5.670999999999999091e+02,2.658624449864791117e+01,2.201000000000000227e+02
6.786155747836835950e+00,5.670999999999999091e+02,2.658239854923807144e+01,2.201000000000000227e+02
6.841779975278121206e+00,5.670999999999999091e+02,2.657852058090345793e+01,2.201000000000000227e+02
6.897404202719407351e+00,5.670000000000000000e+02,2.657461058351497485e+01,1.279000000000000767e+02
6.953028430160692608e+00,5.670000000000000000e+02,2.657066854681947987e+01,2.646000000000000227e+02
7.008652657601977864e+00,5.670000000000000000e+02,2.656669446043932581e+01,2.646000000000000227e+02
7.064276885043264009e+00,5.668999999999999773e+02,2.656268831387183482e+01,1.279000000000000767e+02
7.119901112484549266e+00,5.668999999999999773e+02,2.655865009648880104e+01,2.200000000000000000e+02
7.175525339925834523e+00,5.668999999999999773e+02,2.655457979753612108e+01,2.200000000000000000e+02
7.231149567367120667e+00,5.668999999999999773e+02,2.655047740613331442e+01,2.199000000000000057e+02
7.286773794808405924e+00,5.668000000000000682e+02,2.654634291127317880e+01,2.645000000000000000e+02
7.342398022249691181e+00,5.668000000000000682e+02,2.654217630182140653e+01,2.645000000000000000e+02
7.398022249690977326e+00,5.668000000000000682e+02,2.653797756651630380e+01,1.279000000000000767e+02
7.453646477132262582e+00,5.667000000000000455e+02,2.653374669396846741e+01,2.199000000000000057e+02
7.509270704573547839e+00,5.667000000000000455e+02,2.652948367266056451e+01,2.197999999999999829e+02
7.564894932014833984e+00,5.667000000000000455e+02,2.652518849094711584e+01,2.644000000000000341e+02
7.620519159456119240e+00,5.666000000000000227e+02,2.652086113705427550e+01,1.279000000000000767e+02
7.676143386897404497e+00,5.666000000000000227e+02,2.651650159907979543e+01,2.196999999999999886e+02
7.731767614338690642e+00,5.666000000000000227e+02,2.651210986499280153e+01,1.279000000000000767e+02
7.787391841779975898e+00,5.666000000000000227e+02,2.650768592263383994e+01,1.279000000000000767e+02
7.843016069221261155e+00,5.665000000000000000e+02,2.650322975971482364e+01,2.196999999999999886e+02
7.898640296662546412e+00,5.665000000000000000e+02,2.649874136381906808e+01,2.196999999999999886e+02
7.954264524103832557e+00,5.665000000000000000e+02,2.649422072240137283e+01,1.277999999999999687e+02
8.009888751545117813e+00,5.663999999999999773e+02,2.648966782278812815e+01,2.195999999999999943e+02
8.065512978986403070e+00,5.663999999999999773e+02,2.648508265217753888e+01,1.278999999999999773e+02
8.121137206427688326e+00,5.663999999999999773e+02,2.648046519763980200e+01,2.195999999999999943e+02
8.176761433868975359e+00,5.662999999999999545e+02,2.647581544611740512e+01,2.195999999999999943e+02
8.232385661310260616e+00,5.662999999999999545e+02,2.647113338442542840e+01,1.277999999999999687e+02
8.288009888751545873e+00,5.662999999999999545e+02,2.646641899925193542e+01,2.194999999999999716e+02
8.343634116192831129e+00,5.661999999999999318e+02,2.646167227715847758e+01,2.641999999999999318e+02
8.399258343634116386e+00,5.661999999999999318e+02,2.645689320458044946e+01,1.277999999999999687e+02
8.454882571075401643e+00,5.661999999999999318e+02,2.645208176782777798e+01,2.194999999999999716e+02
8.510506798516688676e+00,5.661000000000000227e+02,2.644723795308545178e+01,2.193999999999999773e+02
8.566131025957973932e+00,5.661000000000000227e+02,2.644236174641421044e+01,2.193999999999999773e+02
8.621755253399259189e+00,5.661000000000000227e+02,2.643745313375130834e+01,2.192999999999999545e+02
8.677379480840544446e+00,5.660000000000000000e+02,2.643251210091128200e+01,1.277999999999999687e+02
8.733003708281829702e+00,5.660000000000000000e+02,2.642753863358680633e+01,2.193999999999999773e+02
8.788627935723114959e+00,5.660000000000000000e+02,2.642253271734966091e+01,2.192999999999999545e+02
8.844252163164400216e+00,5.658999999999999773e+02,2.641749433765172128e+01,1.277999999999999687e+02
8.899876390605687249e+00,5.658999999999999773e+02,2.641242347982598559e+01,2.191999999999999602e+02
8.955500618046972505e+00,5.658999999999999773e+02,2.640732012908773640e+01,1.277999999999999687e+02
9.011124845488257762e+00,5.657999999999999545e+02,2.640218427053577699e+01,1.276999999999999602e+02
9.066749072929543019e+00,5.657999999999999545e+02,2.639701588915371744e+01,2.638999999999999204e+02
9.122373300370828275e+00,5.657999999999999545e+02,2.639181496981125008e+01,2.191999999999999602e+02
9.177997527812113532e+00,5.656999999999999318e+02,2.638658149726567004e+01,2.190999999999999375e+02
9.233621755253400565e+00,5.656999999999999318e+02,2.638131545616339579e+01,1.277999999999999687e+02
9.289245982694685821e+00,5.655999999999999091e+02,2.637601683104144712e+01,2.637999999999998977e+02
9.344870210135971078e+00,5.655999999999999091e+02,2.637068560632928182e+01,2.190999999999999375e+02
9.400494437577256335e+00,5.655999999999999091e+02,2.636532176635036961e+01,1.276999999999998465e+02
9.456118665018541591e+00,5.654999999999998863e+02,2.635992529532418160e+01,2.189999999999999432e+02
9.511742892459826848e+00,5.654999999999998863e+02,2.635449617736802708e+01,2.636999999999999318e+02
9.567367119901113881e+00,5.654999999999998863e+02,2.634903439649905366e+01,1.276999999999998465e+02
9.622991347342399138e+00,5.653999999999998636e+02,2.634353993663635052e+01,2.189000000000000341e+02
9.678615574783684394e+00,5.653999999999998636e+02,2.633801278160315817e+01,2.189000000000000341e+02
9.734239802224969651e+00,5.652999999999999545e+02,2.633245291512906761e+01,2.189000000000000341e+02
9.789864029666254908e+00,5.652999999999999545e+02,2.632686032085243610e+01,1.276999999999999602e+02
9.845488257107540164e+00,5.652999999999999545e+02,2.632123498232279246e+01,2.188999999999999773e+02
9.901112484548827197e+00,5.651999999999999318e+02,2.631557688300339493e+01,1.276999999999999602e+02
9.956736711990112454e+00,5.651999999999999318e+02,2.630988600627383533e+01,2.187999999999999829e+02
1.001236093943139771e+01,5.651999999999999318e+02,2.630416233543279603e+01,2.186999999999999602e+02
1.006798516687268297e+01,5.650999999999999091e+02,2.629840585370085293e+01,1.276999999999999602e+02
1.012360939431396822e+01,5.650999999999999091e+02,2.629261654422335681e+01,2.635000000000000000e+02
1.017923362175525348e+01,5.649999999999998863e+02,2.628679439007351348e+01,1.276999999999999602e+02
1.023485784919653874e+01,5.649999999999998863e+02,2.628093937425542848e+01,2.185999999999999659e+02
1.029048207663782577e+01,5.649999999999998863e+02,2.627505147970731869e+01,1.276999999999999602e+02
1.034610630407911103e+01,5.648999999999999773e+02,2.626913068930483774e+01,2.633999999999999204e+02
1.040173053152039628e+01,5.648999999999999773e+02,2.626317698586449367e+01,1.276999999999999602e+02
1.045735475896168154e+01,5.647999999999999545e+02,2.625719035214711994e+01,2.185000000000000568e+02
1.051297898640296680e+01,5.647999999999999545e+02,2.625117077086144945e+01,2.185000000000000568e+02
1.056860321384425205e+01,5.647999999999999545e+02,2.624511822466791955e+01,2.184000000000000625e+02
1.062422744128553909e+01,5.646999999999999318e+02,2.623903269618238454e+01,2.184000000000000625e+02
1.067985166872682434e+01,5.646999999999999318e+02,2.623291416798009124e+01,1.276000000000000512e+02
1.073547589616810960e+01,5.645999999999999091e+02,2.622676262259962954e+01,2.633000000000000114e+02
1.079110012360939486e+01,5.645999999999999091e+02,2.622057804254709978e+01,1.276000000000000512e+02
1.084672435105068011e+01,5.645000000000000000e+02,2.621436041030033692e+01,2.183000000000000398e+02
1.090234857849196537e+01,5.645000000000000000e+02,2.620810970831317732e+01,1.276000000000000512e+02
1.095797280593325240e+01,5.645000000000000000e+02,2.620182591901995650e+01,2.181999999999999886e+02
1.101359703337453766e+01,5.643999999999999773e+02,2.619550902483997845e+01,2.181999999999999886e+02
1.106922126081582292e+01,5.643999999999999773e+02,2.618915900818221232e+01,2.180999999999999659e+02
1.112484548825710817e+01,5.642999999999999545e+02,2.618277585145000685e+01,1.276000000000000512e+02
1.118046971569839343e+01,5.642999999999999545e+02,2.617635953704590079e+01,2.180999999999999659e+02
1.123609394313967869e+01,5.642000000000000455e+02,2.616991004737663218e+01,2.180999999999999659e+02
1.129171817058096572e+01,5.642000000000000455e+02,2.616342736485819387e+01,2.629999999999999432e+02
1.134734239802225098e+01,5.642000000000000455e+02,2.615691147192090327e+01,1.276000000000000512e+02
1.140296662546353623e+01,5.641000000000000227e+02,2.615036235101477757e+01,2.179999999999999716e+02
1.145859085290482149e+01,5.641000000000000227e+02,2.614377998461484154e+01,1.276000000000000512e+02
1.151421508034610675e+01,5.640000000000000000e+02,2.613716435522658799e+01,2.178999999999999488e+02
1.156983930778739200e+01,5.640000000000000000e+02,2.613051544539158400e+01,1.275999999999999517e+02
1.162546353522867726e+01,5.638999999999999773e+02,2.612383323769311616e+01,2.178999999999999488e+02
1.168108776266996429e+01,5.638999999999999773e+02,2.611711771476197441e+01,1.274999999999999432e+02
1.173671199011124955e+01,5.637999999999999545e+02,2.611036885928231754e+01,2.177999999999999545e+02
1.179233621755253481e+01,5.637999999999999545e+02,2.610358665399768441e+01,1.274999999999999432e+02
1.184796044499382006e+01,5.637000000000000455e+02,2.609677108171700866e+01,2.627999999999999545e+02
1.190358467243510532e+01,5.637000000000000455e+02,2.608992212532082888e+01,1.274999999999999432e+02
1.195920889987639057e+01,5.637000000000000455e+02,2.608303976776756983e+01,2.176999999999999318e+02
1.201483312731767761e+01,5.636000000000000227e+02,2.607612399209988041e+01,2.626999999999999318e+02
1.207045735475896286e+01,5.636000000000000227e+02,2.606917478145108191e+01,2.174999999999999432e+02
1.212608158220024812e+01,5.635000000000000000e+02,2.606219211905177602e+01,1.274999999999999432e+02
1.218170580964153338e+01,5.635000000000000000e+02,2.605517598823641379e+01,2.625999999999999091e+02
1.223733003708281863e+01,5.633999999999999773e+02,2.604812637245009910e+01,2.174999999999999432e+02
1.229295426452410389e+01,5.633999999999999773e+02,2.604104325525537078e+01,1.274999999999999432e+02
1.234857849196539092e+01,5.632999999999999545e+02,2.603392662033918015e+01,2.624999999999999432e+02
1.240420271940667618e+01,5.632999999999999545e+02,2.602677645151980812e+01,2.173999999999999204e+02
1.245982694684796144e+01,5.631999999999999318e+02,2.601959273275397067e+01,2.172999999999999261e+02
1.251545117428924669e+01,5.631999999999999318e+02,2.601237544814404856e+01,2.624999999999999432e+02
1.257107540173053195e+01,5.630999999999999091e+02,2.600512458194528875e+01,2.173000000000000114e+02
1.262669962917181721e+01,5.630999999999999091e+02,2.599784011857309096e+01,1.274999999999999432e+02
1.268232385661310424e+01,5.630000000000000000e+02,2.599052204261050392e+01,2.624000000000000341e+02
1.273794808405438950e+01,5.630000000000000000e+02,2.598317033881564697e+01,1.273999999999999346e+02
1.279357231149567475e+01,5.628999999999999773e+02,2.597578499212927028e+01,2.172000000000000171e+02
1.284919653893696001e+01,5.628999999999999773e+02,2.596836598768236826e+01,2.622999999999999545e+02
1.290482076637824527e+01,5.627999999999999545e+02,2.596091331080393516e+01,2.170000000000000000e+02
1.296044499381953052e+01,5.627999999999999545e+02,2.595342694702861408e+01,2.170000000000000000e+02
1.301606922126081578e+01,5.626999999999999318e+02,2.594590688210461948e+01,1.273999999999999346e+02
1.307169344870210281e+01,5.626999999999999318e+02,2.593835310200155320e+01,2.170000000000000000e+02
1.312731767614338807e+01,5.625999999999999091e+02,2.593076559291838734e+01,2.168999999999999773e+02
1.318294190358467333e+01,5.625999999999999091e+02,2.592314434129142242e+01,2.621000000000000227e+02
1.323856613102595858e+01,5.624999999999998863e+02,2.591548933380235553e+01,2.169000000000000341e+02
1.329419035846724384e+01,5.624999999999998863e+02,2.590780055738639120e+01,2.168000000000000398e+02
1.334981458590852910e+01,5.623999999999998636e+02,2.590007799924036291e+01,2.167000000000000171e+02
1.340543881334981613e+01,5.623999999999998636e+02,2.589232164683090787e+01,1.274000000000000483e+02
1.346106304079110139e+01,5.622999999999998408e+02,2.588453148790277325e+01,2.167000000000000171e+02
1.351668726823238664e+01,5.622999999999998408e+02,2.587670751048696260e+01,2.167000000000000171e+02
1.357231149567367190e+01,5.621999999999999318e+02,2.586884970290916286e+01,1.274000000000000483e+02
1.362793572311495716e+01,5.621999999999999318e+02,2.586095805379798307e+01,2.618999999999999773e+02
1.368355995055624241e+01,5.621000000000000227e+02,2.585303255209338147e+01,1.274000000000000483e+02
1.373918417799752945e+01,5.621000000000000227e+02,2.584507318705501078e+01,2.165000000000000000e+02
1.379480840543881470e+01,5.620000000000000000e+02,2.583707994827065235e+01,2.617999999999999545e+02
1.385043263288009996e+01,5.620000000000000000e+02,2.582905282566460414e+01,1.274000000000000483e+02
1.390605686032138522e+01,5.618999999999999773e+02,2.582099180950620010e+01,2.164000000000000057e+02
1.396168108776267047e+01,5.618999999999999773e+02,2.581289689041815905e+01,2.163000000000000114e+02
1.401730531520395573e+01,5.617999999999999545e+02,2.580476805938511475e+01,1.274000000000000483e+02
1.407292954264524276e+01,5.617999999999999545e+02,2.579660530776207139e+01,2.616999999999999886e+02
1.412855377008652802e+01,5.616999999999999318e+02,2.578840862728284478e+01,1.273000000000000398e+02
1.418417799752781328e+01,5.615999999999999091e+02,2.578017801006851784e+01,2.161999999999999318e+02
1.423980222496909853e+01,5.615999999999999091e+02,2.577191344863591382e+01,2.615999999999999659e+02
1.429542645241038379e+01,5.614999999999998863e+02,2.576361493590603757e+01,1.272999999999999261e+02
1.435105067985166905e+01,5.614999999999998863e+02,2.575528246521247056e+01,2.160999999999999375e+02
1.440667490729295430e+01,5.614000000000000909e+02,2.574691603030980858e+01,1.272999999999999261e+02
1.446229913473424133e+01,5.614000000000000909e+02,2.573851562538202487e+01,1.272999999999999261e+02
1.451792336217552659e+01,5.613000000000000682e+02,2.573008124505082961e+01,2.159999999999999147e+02
1.457354758961681185e+01,5.613000000000000682e+02,2.572161288438401527e+01,1.272999999999999261e+02
1.462917181705809710e+01,5.612000000000000455e+02,2.571311053890369891e+01,1.272999999999999261e+02
1.468479604449938236e+01,5.612000000000000455e+02,2.570457420459464970e+01,2.613999999999999204e+02
1.474042027194066762e+01,5.611000000000000227e+02,2.569600387791242824e+01,1.272999999999999261e+02
1.479604449938195465e+01,5.610000000000000000e+02,2.568739955579157197e+01,2.156999999999999034e+02
1.485166872682323991e+01,5.610000000000000000e+02,2.567876123565374158e+01,1.272999999999999261e+02
1.490729295426452516e+01,5.608999999999999773e+02,2.567008891541572879e+01,1.272999999999999261e+02
1.496291718170581042e+01,5.608999999999999773e+02,2.566138259349751038e+01,2.155999999999999943e+02
1.501854140914709568e+01,5.607999999999999545e+02,2.565264226883012810e+01,2.155000000000000000e+02
1.507416563658838093e+01,5.607999999999999545e+02,2.564386794086362542e+01,1.273000000000000398e+02
1.512978986402966797e+01,5.606999999999999318e+02,2.563505960957479601e+01,2.155000000000000000e+02
1.518541409147095322e+01,5.606000000000000227e+02,2.562621727547493933e+01,2.153999999999999773e+02
1.524103831891223848e+01,5.606000000000000227e+02,2.561734093961753800e+01,1.272999999999999261e+02
1.529666254635352374e+01,5.605000000000000000e+02,2.560843060360579315e+01,2.153999999999999773e+02
1.535228677379480899e+01,5.605000000000000000e+02,2.559948626960011353e+01,2.152999999999999829e+02
1.540791100123609425e+01,5.603999999999999773e+02,2.559050794032553711e+01,1.272999999999999261e+02
1.546353522867738128e+01,5.603999999999999773e+02,2.558149561907900704e+01,2.152999999999999829e+02
1.551915945611866654e+01,5.602999999999999545e+02,2.557244930973662633e+01,2.152000000000000739e+02
1.557478368355995180e+01,5.601999999999999318e+02,2.556336901676072770e+01,1.272000000000000313e+02
1.563040791100123705e+01,5.601999999999999318e+02,2.555425474520692930e+01,2.609000000000000341e+02
1.568603213844252231e+01,5.600999999999999091e+02,2.554510650073097011e+01,2.151000000000000796e+02
1.574165636588380757e+01,5.600999999999999091e+02,2.553592428959557026e+01,2.150000000000000568e+02
1.579728059332509282e+01,5.599999999999998863e+02,2.552670811867708878e+01,1.272000000000000313e+02
1.585290482076637986e+01,5.598999999999999773e+02,2.551745799547208193e+01,2.150000000000000568e+02
1.590852904820766511e+01,5.598999999999999773e+02,2.550817392810378337e+01,2.149000000000000625e+02
1.596415327564895037e+01,5.597999999999999545e+02,2.549885592532837819e+01,1.272000000000000313e+02
1.601977750309023563e+01,5.597999999999999545e+02,2.548950399654124510e+01,2.606999999999999886e+02
1.607540173053152088e+01,5.596999999999999318e+02,2.548011815178302797e+01,2.147999999999999829e+02
1.613102595797280614e+01,5.595999999999999091e+02,2.547069840174555466e+01,1.272000000000000313e+02
1.618665018541409140e+01,5.595999999999999091e+02,2.546124475777772389e+01,1.272000000000000313e+02
1.624227441285537665e+01,5.594999999999998863e+02,2.545175723189105810e+01,2.146999999999999886e+02
1.629789864029666191e+01,5.594999999999998863e+02,2.544223583676536293e+01,2.605000000000000000e+02
1.635352286773795072e+01,5.593999999999998636e+02,2.543268058575405988e+01,1.272000000000000313e+02
1.640914709517923598e+01,5.592999999999999545e+02,2.542309149288945491e+01,1.272000000000000313e+02
1.646477132262052123e+01,5.592999999999999545e+02,2.541346857288790773e+01,2.144999999999999716e+02
1.652039555006180649e+01,5.591999999999999318e+02,2.540381184115472024e+01,2.143999999999999488e+02
1.657601977750309175e+01,5.591999999999999318e+02,2.539412131378903581e+01,1.271999999999999176e+02
1.663164400494437700e+01,5.591000000000000227e+02,2.538439700758843287e+01,2.142999999999999545e+02
1.668726823238566226e+01,5.590000000000000000e+02,2.537463894005351861e+01,2.601999999999999886e+02
1.674289245982694752e+01,5.590000000000000000e+02,2.536484712939227038e+01,1.271999999999999176e+02
1.679851668726823277e+01,5.588999999999999773e+02,2.535502159452430249e+01,1.271999999999999176e+02
1.685414091470951803e+01,5.587999999999999545e+02,2.534516235508483817e+01,2.140999999999998806e+02
1.690976514215080329e+01,5.587999999999999545e+02,2.533526943142870280e+01,2.600999999999999091e+02
1.696538936959208854e+01,5.586999999999999318e+02,2.532534284463405783e+01,2.140999999999998806e+02
1.702101359703337735e+01,5.586000000000000227e+02,2.531538261650599253e+01,1.271999999999999176e+02
1.707663782447466261e+01,5.586000000000000227e+02,2.530538876957998440e+01,1.272000000000000313e+02
1.713226205191594786e+01,5.585000000000000000e+02,2.529536132712518182e+01,2.138999999999999773e+02
1.718788627935723312e+01,5.585000000000000000e+02,2.528530031314750914e+01,2.138999999999999773e+02
1.724351050679851838e+01,5.583999999999999773e+02,2.527520575239271139e+01,1.272000000000000313e+02
1.729913473423980363e+01,5.583000000000000682e+02,2.526507767034907914e+01,2.598999999999999773e+02
1.735475896168108889e+01,5.583000000000000682e+02,2.525491609325021258e+01,2.136999999999999602e+02
1.741038318912237415e+01,5.582000000000000455e+02,2.524472104807745509e+01,2.597999999999999545e+02
1.746600741656365940e+01,5.581000000000000227e+02,2.523449256256228423e+01,1.271999999999999176e+02
1.752163164400494466e+01,5.581000000000000227e+02,2.522423066518847534e+01,1.271999999999999176e+02
1.757725587144622992e+01,5.580000000000000000e+02,2.521393538519420119e+01,2.135000000000000568e+02
1.763288009888751517e+01,5.578999999999999773e+02,2.520360675257392558e+01,2.135000000000000568e+02
1.768850432632880043e+01,5.578999999999999773e+02,2.519324479808008732e+01,2.134000000000000341e+02
1.774412855377008924e+01,5.577999999999999545e+02,2.518284955322477359e+01,2.134000000000000341e+02
1.779975278121137450e+01,5.576999999999999318e+02,2.517242105028110188e+01,1.272000000000000313e+02
1.785537700865265975e+01,5.576999999999999318e+02,2.516195932228462340e+01,2.133000000000000398e+02
1.791100123609394501e+01,5.575999999999999091e+02,2.515146440303439590e+01,2.132000000000000171e+02
1.796662546353523027e+01,5.575000000000000000e+02,2.514093632709404247e+01,2.131000000000000227e+02
1.802224969097651552e+01,5.575000000000000000e+02,2.513037512979266097e+01,2.595000000000000000e+02
1.807787391841780078e+01,5.573999999999999773e+02,2.511978084722553106e+01,1.272000000000000313e+02
1.813349814585908604e+01,5.572999999999999545e+02,2.510915351625479985e+01,2.594000000000000341e+02
1.818912237330037129e+01,5.572999999999999545e+02,2.509849317450987982e+01,2.130000000000000284e+02
1.824474660074165655e+01,5.571999999999999318e+02,2.508779986038788934e+01,2.129000000000000057e+02
1.830037082818294181e+01,5.570999999999999091e+02,2.507707361305383387e+01,2.128000000000000114e+02
1.835599505562422706e+01,5.570999999999999091e+02,2.506631447244078714e+01,2.593000000000000114e+02
1.841161928306551587e+01,5.569999999999998863e+02,2.505552247924981302e+01,2.128000000000000114e+02
1.846724351050680113e+01,5.568999999999998636e+02,2.504469767494992993e+01,2.591999999999999318e+02
1.852286773794808639e+01,5.568999999999998636e+02,2.503384010177779473e+01,2.126999999999999318e+02
1.857849196538937164e+01,5.567999999999999545e+02,2.502294980273746461e+01,2.125999999999999375e+02
1.863411619283065690e+01,5.566999999999999318e+02,2.501202682159991042e+01,2.124999999999999147e+02
1.868974042027194216e+01,5.566999999999999318e+02,2.500107120290249085e+01,1.271999999999999176e+02
1.874536464771322741e+01,5.565999999999999091e+02,2.499008299194831295e+01,1.271999999999999176e+02
1.880098887515451267e+01,5.565000000000000000e+02,2.497906223480558552e+01,1.271999999999999176e+02
1.885661310259579793e+01,5.565000000000000000e+02,2.496800897830668831e+01,1.271999999999999176e+02
1.891223733003708318e+01,5.563999999999999773e+02,2.495692327004740818e+01,2.122999999999998977e+02
1.896786155747836844e+01,5.562999999999999545e+02,2.494580515838591239e+01,2.122000000000000171e+02
1.902348578491965370e+01,5.562999999999999545e+02,2.493465469244171828e+01,1.272000000000000313e+02
1.907911001236093895e+01,5.561999999999999318e+02,2.492347192209458839e+01,2.122000000000000171e+02
1.913473423980222776e+01,5.560999999999999091e+02,2.491225689798337584e+01,1.272000000000000313e+02
1.919035846724351302e+01,5.560000000000000000e+02,2.490100967150481281e+01,1.272000000000000313e+02
1.924598269468479828e+01,5.560000000000000000e+02,2.488973029481214638e+01,2.119999999999999432e+02
1.930160692212608353e+01,5.558999999999999773e+02,2.487841882081390921e+01,2.118999999999999204e+02
1.935723114956736879e+01,5.558000000000000682e+02,2.486707530317248427e+01,2.585999999999999659e+02
1.941285537700865405e+01,5.558000000000000682e+02,2.485569979630267667e+01,2.118999999999999204e+02
1.946847960444993930e+01,5.557000000000000455e+02,2.484429235537029967e+01,2.118000000000000398e+02
1.952410383189122456e+01,5.556000000000000227e+02,2.483285303629065410e+01,1.272000000000000313e+02
1.957972805933250982e+01,5.555000000000000000e+02,2.482138189572705045e+01,1.272000000000000313e+02
1.963535228677379507e+01,5.555000000000000000e+02,2.480987899108924921e+01,1.272000000000000313e+02
1.969097651421508033e+01,5.553999999999999773e+02,2.479834438053190482e+01,1.272000000000000313e+02
1.974660074165636559e+01,5.552999999999999545e+02,2.478677812295304506e+01,2.115000000000000000e+02
1.980222496909765439e+01,5.552999999999999545e+02,2.477518027799246170e+01,2.583000000000000114e+02
1.985784919653893965e+01,5.552000000000000455e+02,2.476355090603012599e+01,2.114000000000000057e+02
1.991347342398022491e+01,5.551000000000000227e+02,2.475189006818469650e+01,2.583000000000000114e+02
1.996909765142151016e+01,5.550000000000000000e+02,2.474019782631186004e+01,2.112999999999999829e+02
2.002472187886279542e+01,5.550000000000000000e+02,2.472847424300283592e+01,2.581999999999999886e+02
2.008034610630408068e+01,5.548999999999999773e+02,2.471671938158279858e+01,2.111999999999999886e+02
2.013597033374536593e+01,5.547999999999999545e+02,2.470493330610936411e+01,2.110999999999999659e+02
2.019159456118665119e+01,5.547999999999999545e+02,2.469311608137114078e+01,1.272000000000000313e+02
2.024721878862793645e+01,5.546999999999999318e+02,2.468126777288616580e+01,1.272000000000000313e+02
2.030284301606922170e+01,5.545999999999999091e+02,2.466938844690050558e+01,1.271999999999999176e+02
2.035846724351050696e+01,5.544999999999998863e+02,2.465747817038685952e+01,1.272999999999999261e+02
2.041409147095179222e+01,5.544999999999998863e+02,2.464553701104315309e+01,1.272999999999999261e+02
2.046971569839307747e+01,5.543999999999999773e+02,2.463356503729123048e+01,2.107999999999999545e+02
2.052533992583436628e+01,5.542999999999999545e+02,2.462156231827552944e+01,1.272999999999999261e+02
2.058096415327565154e+01,5.541999999999999318e+02,2.460952892386185198e+01,2.106999999999999602e+02
2.063658838071693680e+01,5.541999999999999318e+02,2.459746492463618495e+01,2.105999999999999375e+02
2.069221260815822205e+01,5.540999999999999091e+02,2.458537039190350626e+01,2.104999999999999432e+02
2.074783683559950731e+01,5.539999999999998863e+02,2.457324539768672977e+01,2.576999999999999886e+02
2.080346106304079257e+01,5.538999999999998636e+02,2.456109001472565367e+01,2.104000000000000341e+02
2.085908529048207782e+01,5.538999999999998636e+02,2.454890431647595150e+01,2.575999999999999659e+02
2.091470951792336308e+01,5.537999999999998408e+02,2.453668837710830530e+01,2.103999999999999773e+02
2.097033374536464834e+01,5.536999999999999318e+02,2.452444227150746769e+01,2.102999999999999829e+02
2.102595797280593359e+01,5.536000000000000227e+02,2.451216607527152647e+01,1.272999999999999261e+02
2.108158220024721885e+01,5.536000000000000227e+02,2.449985986471109456e+01,2.101999999999999602e+02
2.113720642768850411e+01,5.535000000000000000e+02,2.448752371684868478e+01,2.100999999999999659e+02
2.119283065512979292e+01,5.533999999999999773e+02,2.447515770941807034e+01,1.273000000000000398e+02
2.124845488257107817e+01,5.532999999999999545e+02,2.446276192086370571e+01,2.574000000000000909e+02
2.130407911001236343e+01,5.532999999999999545e+02,2.445033643034028259e+01,2.099000000000000341e+02
2.135970333745364869e+01,5.531999999999999318e+02,2.443788131771222183e+01,2.573000000000000682e+02
2.141532756489493394e+01,5.530999999999999091e+02,2.442539666355337857e+01,2.098000000000000398e+02
2.147095179233621920e+01,5.530000000000000000e+02,2.441288254914667277e+01,2.097000000000000455e+02
2.152657601977750446e+01,5.530000000000000000e+02,2.440033905648386181e+01,1.273000000000000398e+02
2.158220024721878971e+01,5.529000000000000909e+02,2.438776626826530958e+01,2.095999999999999659e+02
2.163782447466007497e+01,5.528000000000000682e+02,2.437516426789987634e+01,2.095999999999999659e+02
2.169344870210136023e+01,5.527000000000000455e+02,2.436253313950478372e+01,1.274000000000000483e+02
2.174907292954264548e+01,5.526000000000000227e+02,2.434987296790560762e+01,2.570999999999999659e+02
2.180469715698393074e+01,5.526000000000000227e+02,2.433718383863623913e+01,2.093999999999999488e+02
2.186032138442521600e+01,5.525000000000000000e+02,2.432446583793893424e+01,1.274000000000000483e+02
2.191594561186650481e+01,5.523999999999999773e+02,2.431171905276441692e+01,2.092999999999999545e+02
2.197156983930779006e+01,5.522999999999999545e+02,2.429894357077195011e+01,2.091999999999999318e+02
2.202719406674907532e+01,5.522999999999999545e+02,2.428613948032950276e+01,1.273999999999999346e+02
2.208281829419036058e+01,5.521999999999999318e+02,2.427330687051392388e+01,2.090999999999999375e+02
2.213844252163164583e+01,5.521000000000000227e+02,2.426044583111110597e+01,2.567999999999998977e+02
2.219406674907293109e+01,5.520000000000000000e+02,2.424755645261620529e+01,2.088999999999999204e+02
2.224969097651421635e+01,5.518999999999999773e+02,2.423463882623385146e+01,2.088999999999999204e+02
2.230531520395550160e+01,5.518999999999999773e+02,2.422169304387836064e+01,2.087999999999998977e+02
2.236093943139678686e+01,5.517999999999999545e+02,2.420871919817395934e+01,1.274999999999999432e+02
2.241656365883807212e+01,5.516999999999999318e+02,2.419571738245496562e+01,2.086999999999999034e+02
2.247218788627935737e+01,5.515999999999999091e+02,2.418268769076602354e+01,2.085999999999999943e+02
2.252781211372064263e+01,5.514999999999998863e+02,2.416963021786219912e+01,2.565000000000000000e+02
2.258343634116193144e+01,5.514999999999998863e+02,2.415654505920919703e+01,2.085000000000000000e+02
2.263906056860321669e+01,5.513999999999999773e+02,2.414343231098340681e+01,1.274999999999999432e+02
2.269468479604450195e+01,5.512999999999999545e+02,2.413029207007196320e+01,1.274999999999999432e+02
2.275030902348578721e+01,5.511999999999999318e+02,2.411712443407278172e+01,1.274999999999999432e+02
2.280593325092707246e+01,5.510999999999999091e+02,2.410392950129445921e+01,2.562999999999999545e+02
2.286155747836835772e+01,5.510999999999999091e+02,2.409070737075613877e+01,1.275999999999999517e+02
2.291718170580964298e+01,5.509999999999998863e+02,2.407745814218735347e+01,2.082000000000000739e+02
2.297280593325092823e+01,5.508999999999998636e+02,2.406418191602767465e+01,2.081000000000000796e+02
2.302843016069221349e+01,5.507999999999999545e+02,2.405087879342634238e+01,1.276000000000000512e+02
2.308405438813349875e+01,5.506999999999999318e+02,2.403754887624176462e+01,2.562000000000000455e+02
2.313967861557478400e+01,5.506999999999999318e+02,2.402419226704090960e+01,2.079000000000000625e+02
2.319530284301606926e+01,5.506000000000000227e+02,2.401080906909853496e+01,1.277000000000000597e+02
2.325092707045735452e+01,5.505000000000000000e+02,2.399739938639635994e+01,2.078000000000000398e+02
2.330655129789864333e+01,5.503999999999999773e+02,2.398396332362201022e+01,1.277000000000000597e+02
2.336217552533992858e+01,5.502999999999999545e+02,2.397050098616785974e+01,1.277000000000000597e+02
2.341779975278121384e+01,5.502999999999999545e+02,2.395701248012969842e+01,1.276999999999999602e+02
2.347342398022249910e+01,5.501999999999999318e+02,2.394349791230520452e+01,2.074999999999999716e+02
2.352904820766378435e+01,5.501000000000000227e+02,2.392995739019226775e+01,1.276999999999999602e+02
2.358467243510506961e+01,5.500000000000000000e+02,2.391639102198709210e+01,2.073999999999999773e+02
2.364029666254635487e+01,5.498999999999999773e+02,2.390279891658209621e+01,2.072999999999999545e+02
2.369592088998764012e+01,5.498000000000000682e+02,2.388918118356359699e+01,1.277999999999999687e+02
2.375154511742892538e+01,5.498000000000000682e+02,2.387553793320930851e+01,1.277999999999999687e+02
2.380716934487021064e+01,5.497000000000000455e+02,2.386186927648553890e+01,1.277999999999999687e+02
2.386279357231149589e+01,5.496000000000000227e+02,2.384817532504418480e+01,1.277999999999999687e+02
2.391841779975278115e+01,5.495000000000000000e+02,2.383445619121948766e+01,2.069999999999998863e+02
2.397404202719406996e+01,5.493999999999999773e+02,2.382071198802446688e+01,2.068999999999998636e+02
2.402966625463535522e+01,5.492999999999999545e+02,2.380694282914713611e+01,2.067999999999998693e+02
2.408529048207664047e+01,5.492999999999999545e+02,2.379314882894640704e+01,2.554999999999999716e+02
2.414091470951792573e+01,5.491999999999999318e+02,2.377933010244773371e+01,2.066999999999999602e+02
2.419653893695921099e+01,5.490999999999999091e+02,2.376548676533835902e+01,1.278999999999999773e+02
2.425216316440049624e+01,5.490000000000000000e+02,2.375161893396241908e+01,1.278999999999999773e+02
2.430778739184178150e+01,5.488999999999999773e+02,2.373772672531556793e+01,2.064999999999999432e+02
2.436341161928306676e+01,5.487999999999999545e+02,2.372381025703933943e+01,2.063999999999999488e+02
2.441903584672435201e+01,5.486999999999999318e+02,2.370986964741520353e+01,1.279999999999999858e+02
2.447466007416563727e+01,5.486999999999999318e+02,2.369590501535823890e+01,2.063000000000000398e+02
2.453028430160692253e+01,5.485999999999999091e+02,2.368191648041045383e+01,1.280000000000000853e+02
2.458590852904820778e+01,5.484999999999998863e+02,2.366790416273377673e+01,1.280000000000000853e+02
2.464153275648949304e+01,5.483999999999998636e+02,2.365386818310266293e+01,2.061000000000000227e+02
2.469715698393078185e+01,5.482999999999999545e+02,2.363980866289634974e+01,2.550000000000000000e+02
2.475278121137206711e+01,5.481999999999999318e+02,2.362572572409068883e+01,1.279999999999999858e+02
2.480840543881335236e+01,5.481999999999999318e+02,2.361161948924969778e+01,1.279999999999999858e+02
2.486402966625463762e+01,5.480999999999999091e+02,2.359749008151658245e+01,2.056999999999999886e+02
2.491965389369592287e+01,5.480000000000000000e+02,2.358333762460450345e+01,2.055999999999999943e+02
2.497527812113720813e+01,5.478999999999999773e+02,2.356916224278688787e+01,2.055999999999999943e+02
2.503090234857849339e+01,5.477999999999999545e+02,2.355496406088731476e+01,2.054999999999999716e+02
2.508652657601977864e+01,5.476999999999999318e+02,2.354074320426905587e+01,1.280999999999999943e+02
2.514215080346106390e+01,5.475999999999999091e+02,2.352649979882421860e+01,2.546999999999999602e+02
2.519777503090234916e+01,5.475000000000000000e+02,2.351223397096239509e+01,2.052999999999999545e+02
2.525339925834363441e+01,5.475000000000000000e+02,2.349794584759903771e+01,1.281999999999999034e+02
2.530902348578491967e+01,5.473999999999999773e+02,2.348363555614329101e+01,1.281999999999999034e+02
2.536464771322620848e+01,5.473000000000000682e+02,2.346930322448557149e+01,2.050999999999999375e+02
2.542027194066749374e+01,5.472000000000000455e+02,2.345494898098458592e+01,2.049999999999999432e+02
2.547589616810877899e+01,5.471000000000000227e+02,2.344057295445405131e+01,2.544999999999999147e+02
2.553152039555006425e+01,5.470000000000000000e+02,2.342617527414897438e+01,1.282999999999998977e+02
2.558714462299134951e+01,5.468999999999999773e+02,2.341175606975155787e+01,2.048000000000000398e+02
2.564276885043263476e+01,5.467999999999999545e+02,2.339731547135666290e+01,2.544000000000000057e+02
2.569839307787392002e+01,5.467999999999999545e+02,2.338285360945696212e+01,1.284000000000000057e+02
2.575401730531520528e+01,5.467000000000000455e+02,2.336837061492760270e+01,2.046000000000000227e+02
2.580964153275649053e+01,5.466000000000000227e+02,2.335386661901060634e+01,2.542999999999999545e+02
2.586526576019777579e+01,5.465000000000000000e+02,2.333934175329876126e+01,1.285000000000000284e+02
2.592088998763906105e+01,5.463999999999999773e+02,2.332479614971929038e+01,1.285000000000000284e+02
2.597651421508034630e+01,5.462999999999999545e+02,2.331022994051708253e+01,2.541000000000000227e+02
2.603213844252163156e+01,5.461999999999999318e+02,2.329564325823754345e+01,2.041000000000000227e+02
2.608776266996292037e+01,5.460999999999999091e+02,2.328103623570919467e+01,1.285000000000000284e+02
2.614338689740420563e+01,5.460999999999999091e+02,2.326640900602587436e+01,2.540000000000000284e+02
2.619901112484549088e+01,5.459999999999998863e+02,2.325176170252863628e+01,2.039000000000000057e+02
2.625463535228677614e+01,5.458999999999999773e+02,2.323709445878737867e+01,1.286000000000000227e+02
2.631025957972806140e+01,5.457999999999999545e+02,2.322240740858210373e+01,1.286000000000000227e+02
2.636588380716934665e+01,5.456999999999999318e+02,2.320770068588397805e+01,2.037000000000000171e+02
2.642150803461063191e+01,5.455999999999999091e+02,2.319297442483603433e+01,1.287000000000000455e+02
2.647713226205191717e+01,5.454999999999998863e+02,2.317822875973374508e+01,1.286999999999999318e+02
2.653275648949320242e+01,5.453999999999998636e+02,2.316346382500521273e+01,2.034999999999999432e+02
2.658838071693448768e+01,5.452999999999998408e+02,2.314867975519124244e+01,2.033999999999999204e+02
2.664400494437577294e+01,5.451999999999999318e+02,2.313387668492518046e+01,1.287999999999999261e+02
2.669962917181705819e+01,5.451999999999999318e+02,2.311905474891256773e+01,2.032999999999999261e+02
2.675525339925834700e+01,5.451000000000000227e+02,2.310421408191059456e+01,2.031999999999999034e+02
2.681087762669963226e+01,5.450000000000000000e+02,2.308935481870745221e+01,1.287999999999999261e+02
2.686650185414091752e+01,5.448999999999999773e+02,2.307447709410154246e+01,2.029999999999998863e+02
2.692212608158220277e+01,5.447999999999999545e+02,2.305958104288051302e+01,2.028999999999998920e+02
2.697775030902348803e+01,5.446999999999999318e+02,2.304466679980036048e+01,1.288999999999999488e+02
2.703337453646477329e+01,5.445999999999999091e+02,2.302973449956423480e+01,2.533999999999999773e+02
2.708899876390605854e+01,5.445000000000000000e+02,2.301478427680145700e+01,1.290000000000000568e+02
2.714462299134734380e+01,5.443999999999999773e+02,2.299981626604628104e+01,2.025999999999999659e+02
2.720024721878862906e+01,5.443000000000000682e+02,2.298483060171682979e+01,2.532999999999999829e+02
2.725587144622991431e+01,5.442000000000000455e+02,2.296982741809394213e+01,1.290999999999999659e+02
2.731149567367119957e+01,5.441000000000000227e+02,2.295480684930016579e+01,2.023999999999999488e+02
2.736711990111248483e+01,5.441000000000000227e+02,2.293976902927871819e+01,2.022999999999999545e+02
2.742274412855377008e+01,5.440000000000000000e+02,2.292471409177262842e+01,1.292000000000000739e+02
2.747836835599505889e+01,5.438999999999999773e+02,2.290964217030397165e+01,2.021000000000000512e+02
2.753399258343634415e+01,5.437999999999999545e+02,2.289455339815328472e+01,1.292000000000000739e+02
2.758961681087762940e+01,5.436999999999999318e+02,2.287944790833909181e+01,2.019000000000000341e+02
2.764524103831891466e+01,5.436000000000000227e+02,2.286432583359774284e+01,2.018000000000000114e+02
2.770086526576019992e+01,5.435000000000000000e+02,2.284918730636334416e+01,1.292999999999999829e+02
2.775648949320148517e+01,5.433999999999999773e+02,2.283403245874809784e+01,2.529000000000000057e+02
2.781211372064277043e+01,5.432999999999999545e+02,2.281886142252284699e+01,1.293999999999999773e+02
2.786773794808405569e+01,5.431999999999999318e+02,2.280367432909790182e+01,2.015000000000000000e+02
2.792336217552534094e+01,5.430999999999999091e+02,2.278847130950434519e+01,1.295000000000000000e+02
2.797898640296662620e+01,5.429999999999998863e+02,2.277325249437554788e+01,1.295000000000000000e+02
2.803461063040791146e+01,5.428999999999998636e+02,2.275801801392922386e+01,2.011999999999999886e+02
2.809023485784919671e+01,5.427999999999999545e+02,2.274276799794984072e+01,2.010999999999999659e+02
2.814585908529048552e+01,5.426999999999999318e+02,2.272750257577150634e+01,2.525999999999999091e+02
2.820148331273177078e+01,5.426999999999999318e+02,2.271222187626137057e+01,1.295999999999999943e+02
2.825710754017305604e+01,5.425999999999999091e+02,2.269692602780350654e+01,2.008999999999999488e+02
2.831273176761434129e+01,5.424999999999998863e+02,2.268161515828338182e+01,2.007999999999999545e+02
2.836835599505562655e+01,5.423999999999999773e+02,2.266628939507287654e+01,2.524999999999999147e+02
2.842398022249691181e+01,5.422999999999999545e+02,2.265094886501591986e+01,1.297999999999998977e+02
2.847960444993819706e+01,5.421999999999999318e+02,2.263559369441476932e+01,2.006000000000000227e+02
2.853522867737948232e+01,5.420999999999999091e+02,2.262022400901695818e+01,1.299000000000000057e+02
2.859085290482076758e+01,5.420000000000000000e+02,2.260483993400287517e+01,2.003000000000000114e+02
2.864647713226205283e+01,5.418999999999999773e+02,2.258944159397418971e+01,1.299000000000000057e+02
2.870210135970333809e+01,5.417999999999999545e+02,2.257402911294288828e+01,1.298999999999999204e+02
2.875772558714462335e+01,5.417000000000000455e+02,2.255860261432117753e+01,1.299999999999999147e+02
2.881334981458590860e+01,5.416000000000000227e+02,2.254316222091217981e+01,2.000000000000000853e+02
2.886897404202719741e+01,5.415000000000000000e+02,2.252770805490141726e+01,1.301000000000000227e+02
2.892459826946848267e+01,5.413999999999999773e+02,2.251224023784921258e+01,1.998000000000000682e+02
2.898022249690976793e+01,5.412999999999999545e+02,2.249675889068389623e+01,2.521000000000000512e+02
2.903584672435105318e+01,5.412000000000000455e+02,2.248126413369601195e+01,1.997000000000000171e+02
2.909147095179233844e+01,5.411000000000000227e+02,2.246575608653342115e+01,1.302000000000000455e+02
2.914709517923362370e+01,5.410000000000000000e+02,2.245023486819728475e+01,1.994000000000000057e+02
2.920271940667490895e+01,5.408999999999999773e+02,2.243470059703919617e+01,2.518999999999999773e+02
2.925834363411619421e+01,5.407999999999999545e+02,2.241915339075914204e+01,1.304000000000000625e+02
2.931396786155747947e+01,5.406999999999999318e+02,2.240359336640461052e+01,1.303999999999999488e+02
2.936959208899876472e+01,5.405999999999999091e+02,2.238802064037070139e+01,1.304999999999999716e+02
2.942521631644004998e+01,5.405000000000000000e+02,2.237243532840128779e+01,2.517999999999999545e+02
2.948084054388133524e+01,5.405000000000000000e+02,2.235683754559131486e+01,1.988999999999999488e+02
2.953646477132262405e+01,5.403999999999999773e+02,2.234122740639015348e+01,1.986999999999999602e+02
2.959208899876390930e+01,5.402999999999999545e+02,2.232560502460611929e+01,1.305999999999999659e+02
2.964771322620519456e+01,5.401999999999999318e+02,2.230997051341210735e+01,2.515999999999999375e+02
2.970333745364647982e+01,5.400999999999999091e+02,2.229432398535237780e+01,1.306999999999998749e+02
2.975896168108776507e+01,5.399999999999998863e+02,2.227866555235056012e+01,1.307999999999998693e+02
2.981458590852905033e+01,5.398999999999998636e+02,2.226299532571877648e+01,1.982999999999999261e+02
2.987021013597033559e+01,5.397999999999998408e+02,2.224731341616800862e+01,2.515000000000000000e+02
2.992583436341162084e+01,5.396999999999999318e+02,2.223161993381963342e+01,1.980999999999999943e+02
2.998145859085290610e+01,5.396000000000000227e+02,2.221591498821824828e+01,1.980000000000000000e+02
3.003708281829419136e+01,5.395000000000000000e+02,2.220019868834561549e+01,1.310000000000000000e+02
3.009270704573547661e+01,5.393999999999999773e+02,2.218447114263594599e+01,2.512999999999999829e+02
3.014833127317676187e+01,5.392999999999999545e+02,2.216873245899232359e+01,1.310999999999999943e+02
3.020395550061804713e+01,5.391999999999999318e+02,2.215298274480446850e+01,1.312000000000001023e+02
3.025957972805933593e+01,5.390999999999999091e+02,2.213722210696764137e+01,1.975000000000000284e+02
3.031520395550062119e+01,5.389999999999998863e+02,2.212145065190290794e+01,1.974000000000000057e+02
3.037082818294190645e+01,5.389000000000000909e+02,2.210566848557851216e+01,1.973000000000000114e+02
3.042645241038319170e+01,5.388000000000000682e+02,2.208987571353264201e+01,1.971999999999999886e+02
3.048207663782447696e+01,5.387000000000000455e+02,2.207407244089731435e+01,1.314000000000000341e+02
3.053770086526576222e+01,5.386000000000000227e+02,2.205825877242354593e+01,1.315000000000000284e+02
3.059332509270704747e+01,5.385000000000000000e+02,2.204243481250772163e+01,2.510000000000000000e+02
3.064894932014833273e+01,5.383999999999999773e+02,2.202660066521923810e+01,1.315999999999999375e+02
3.070457354758961799e+01,5.382999999999999545e+02,2.201075643432925588e+01,1.316999999999999318e+02
3.076019777503090324e+01,5.381999999999999318e+02,2.199490222334074829e+01,1.965999999999999375e+02
3.081582200247218850e+01,5.381000000000000227e+02,2.197903813551963381e+01,1.964999999999999432e+02
3.087144622991347376e+01,5.380000000000000000e+02,2.196316427392713067e+01,1.963999999999999204e+02
3.092707045735476257e+01,5.378999999999999773e+02,2.194728074145322338e+01,1.961999999999999034e+02
3.098269468479604782e+01,5.377999999999999545e+02,2.193138764085126269e+01,1.960999999999999091e+02
3.103831891223733308e+01,5.376999999999999318e+02,2.191548507477363827e+01,1.319999999999999716e+02
3.109394313967861834e+01,5.375999999999999091e+02,2.189957314580856007e+01,2.506999999999999318e+02
3.114956736711990359e+01,5.374999999999998863e+02,2.188365195651783779e+01,1.957999999999998977e+02
3.120519159456118885e+01,5.373999999999999773e+02,2.186772160947573695e+01,1.321999999999999886e+02
3.126081582200247411e+01,5.372999999999999545e+02,2.185178220730872312e+01,1.322999999999999829e+02
3.131644004944375936e+01,5.371999999999999318e+02,2.183583385273627542e+01,1.324000000000000057e+02
3.137206427688504462e+01,5.370999999999999091e+02,2.181987664861252796e+01,2.504999999999999716e+02
3.142768850432632988e+01,5.369999999999998863e+02,2.180391069796879933e+01,1.324000000000000057e+02
3.148331273176761513e+01,5.368999999999999773e+02,2.178793610405698900e+01,1.325000000000000000e+02
3.153893695920890039e+01,5.367999999999999545e+02,2.177195297039373045e+01,1.325999999999999091e+02
3.159456118665018565e+01,5.366999999999999318e+02,2.175596140080531882e+01,1.950000000000000284e+02
3.165018541409147446e+01,5.366000000000000227e+02,2.173996149947335610e+01,2.504000000000000625e+02
3.170580964153275971e+01,5.363999999999999773e+02,2.172395337098097556e+01,1.328000000000000114e+02
3.176143386897404497e+01,5.362999999999999545e+02,2.170793712035977663e+01,1.329000000000000341e+02
3.181705809641533023e+01,5.361999999999999318e+02,2.169191285313720030e+01,1.945000000000000000e+02
3.187268232385661548e+01,5.360999999999999091e+02,2.167588067538448726e+01,1.944000000000000057e+02
3.192830655129790074e+01,5.359999999999998863e+02,2.165984069376500543e+01,2.502000000000000171e+02
3.198393077873918600e+01,5.358999999999999773e+02,2.164379301558300028e+01,1.331000000000000512e+02
3.203955500618047125e+01,5.358000000000000682e+02,2.162773774883264366e+01,1.332000000000000455e+02
3.209517923362175651e+01,5.357000000000000455e+02,2.161167500224731697e+01,1.939999999999999716e+02
3.215080346106304177e+01,5.356000000000000227e+02,2.159560488534912182e+01,1.938999999999999488e+02
3.220642768850432702e+01,5.355000000000000000e+02,2.157952750849847945e+01,1.937999999999999545e+02
3.226205191594561228e+01,5.353999999999999773e+02,2.156344298294376216e+01,1.936999999999999318e+02
3.231767614338689754e+01,5.352999999999999545e+02,2.154735142087098865e+01,1.334999999999999716e+02
3.237330037082818279e+01,5.351999999999999318e+02,2.153125293545330265e+01,1.335999999999999659e+02
3.242892459826946805e+01,5.351000000000000227e+02,2.151514764090040188e+01,1.336999999999998749e+02
3.248454882571075331e+01,5.350000000000000000e+02,2.149903565250765070e+01,1.337999999999998977e+02
3.254017305315203856e+01,5.348999999999999773e+02,2.148291708670491929e+01,2.498999999999999204e+02
3.259579728059332382e+01,5.347999999999999545e+02,2.146679206110499294e+01,1.929999999999998863e+02
3.265142150803461618e+01,5.346999999999999318e+02,2.145066069455153013e+01,1.339999999999999147e+02
3.270704573547590144e+01,5.345999999999999091e+02,2.143452310716645925e+01,1.341000000000000227e+02
3.276266996291718669e+01,5.344999999999998863e+02,2.141837942039672527e+01,1.342000000000000171e+02
3.281829419035847195e+01,5.343999999999998636e+02,2.140222975706034703e+01,1.343000000000000398e+02
3.287391841779975721e+01,5.342999999999999545e+02,2.138607424139166469e+01,1.343000000000000398e+02
3.292954264524104246e+01,5.341999999999999318e+02,2.136991299908568465e+01,1.343999999999999204e+02
3.298516687268232772e+01,5.341000000000000227e+02,2.135374615734148307e+01,1.920999999999999375e+02
3.304079110012361298e+01,5.338999999999999773e+02,2.133757384490454356e+01,1.920000000000000284e+02
3.309641532756489823e+01,5.337999999999999545e+02,2.132139619210800419e+01,1.919000000000000057e+02
3.315203955500618349e+01,5.336999999999999318e+02,2.130521333091259351e+01,1.918000000000000114e+02
3.320766378244746875e+01,5.335999999999999091e+02,2.128902539494542268e+01,2.496000000000000227e+02
3.326328800988875400e+01,5.335000000000000000e+02,2.127283251953720367e+01,1.915999999999999943e+02
3.331891223733003926e+01,5.333999999999999773e+02,2.125663484175821338e+01,1.913999999999999773e+02
3.337453646477132452e+01,5.332999999999999545e+02,2.124043250045254183e+01,1.912999999999999829e+02
3.343016069221260977e+01,5.331999999999999318e+02,2.122422563627080905e+01,1.911999999999999602e+02
3.348578491965389503e+01,5.331000000000000227e+02,2.120801439170119451e+01,1.909999999999999432e+02
3.354140914709518029e+01,5.330000000000000000e+02,2.119179891109861913e+01,2.494000000000000057e+02
3.359703337453646554e+01,5.328999999999999773e+02,2.117557934071216508e+01,1.907999999999999261e+02
3.365265760197775080e+01,5.327999999999999545e+02,2.115935582871047771e+01,1.355000000000000284e+02
3.370828182941903606e+01,5.327000000000000455e+02,2.114312852520527741e+01,1.356000000000000227e+02
3.376390605686032131e+01,5.326000000000000227e+02,2.112689758227273984e+01,1.903999999999999488e+02
3.381953028430160657e+01,5.323999999999999773e+02,2.111066315397275162e+01,1.902999999999999545e+02
3.387515451174289183e+01,5.322999999999999545e+02,2.109442539636601666e+01,1.901999999999999318e+02
3.393077873918417708e+01,5.321999999999999318e+02,2.107818446752890651e+01,2.492999999999999261e+02
3.398640296662546234e+01,5.320999999999999091e+02,2.106194052756595170e+01,1.899999999999999147e+02
3.404202719406675470e+01,5.320000000000000000e+02,2.104569373862004866e+01,1.897999999999999261e+02
3.409765142150803996e+01,5.318999999999999773e+02,2.102944426488024376e+01,1.896999999999999034e+02
3.415327564894932522e+01,5.317999999999999545e+02,2.101319227258701616e+01,1.895999999999999943e+02
3.420889987639061047e+01,5.316999999999999318e+02,2.099693793003515196e+01,1.365999999999999943e+02
3.426452410383189573e+01,5.315999999999999091e+02,2.098068140757399647e+01,1.366999999999999886e+02
3.432014833127318099e+01,5.314999999999998863e+02,2.096442287760526924e+01,1.891999999999999602e+02
3.437577255871446624e+01,5.313999999999998636e+02,2.094816251457816136e+01,1.369000000000000057e+02
3.443139678615575150e+01,5.312999999999999545e+02,2.093190049498193162e+01,1.370000000000000284e+02
3.448702101359703676e+01,5.311000000000000227e+02,2.091563699733580250e+01,1.370999999999999375e+02
3.454264524103832201e+01,5.310000000000000000e+02,2.089937220217631264e+01,1.887000000000001023e+02
3.459826946847960727e+01,5.308999999999999773e+02,2.088310629204191216e+01,1.886000000000000796e+02
3.465389369592089253e+01,5.307999999999999545e+02,2.086683945145501440e+01,1.884000000000000625e+02
3.470951792336217778e+01,5.306999999999999318e+02,2.085057186690138664e+01,1.882000000000000455e+02
3.476514215080346304e+01,5.305999999999999091e+02,2.083430372680687270e+01,1.375999999999999659e+02
3.482076637824474830e+01,5.304999999999998863e+02,2.081803522151157892e+01,1.376999999999999602e+02
3.487639060568603355e+01,5.303999999999999773e+02,2.080176654324146313e+01,1.878000000000000398e+02
3.493201483312731881e+01,5.303000000000000682e+02,2.078549788607731941e+01,1.378999999999999773e+02
3.498763906056860407e+01,5.302000000000000455e+02,2.076922944592130804e+01,1.875000000000000000e+02
3.504326328800988932e+01,5.300000000000000000e+02,2.075296142046103398e+01,1.875000000000000000e+02
3.509888751545117458e+01,5.298999999999999773e+02,2.073669400913111005e+01,1.384000000000000341e+02
3.515451174289245984e+01,5.297999999999999545e+02,2.072042741307243929e+01,1.871999999999999886e+02
3.521013597033374509e+01,5.296999999999999318e+02,2.070416183508920227e+01,2.489999999999999716e+02
3.526576019777503035e+01,5.296000000000000227e+02,2.068789747960352443e+01,1.868999999999999488e+02
3.532138442521631561e+01,5.295000000000000000e+02,2.067163455260809357e+01,1.388999999999999488e+02
3.537700865265760086e+01,5.293999999999999773e+02,2.065537326161663145e+01,1.865999999999999375e+02
3.543263288009889322e+01,5.292999999999999545e+02,2.063911381561237945e+01,1.863999999999999204e+02
3.548825710754017848e+01,5.291999999999999318e+02,2.062285642499475458e+01,1.862999999999999261e+02
3.554388133498146374e+01,5.289999999999998863e+02,2.060660130152415448e+01,1.393999999999998920e+02
3.559950556242274899e+01,5.288999999999999773e+02,2.059034865826511052e+01,1.859999999999998863e+02
3.565512978986403425e+01,5.287999999999999545e+02,2.057409870952781716e+01,1.857999999999998693e+02
3.571075401730531951e+01,5.286999999999999318e+02,2.055785167080831499e+01,2.489000000000000057e+02
3.576637824474660476e+01,5.285999999999999091e+02,2.054160775872722766e+01,1.854999999999999716e+02
3.582200247218789002e+01,5.285000000000000000e+02,2.052536719096740114e+01,1.401000000000000512e+02
3.587762669962917528e+01,5.283999999999999773e+02,2.050913018621040251e+01,1.402000000000000455e+02
3.593325092707046053e+01,5.282999999999999545e+02,2.049289696407211991e+01,1.849999999999999716e+02
3.598887515451174579e+01,5.281000000000000227e+02,2.047666774503764842e+01,1.404999999999999716e+02
3.604449938195303105e+01,5.280000000000000000e+02,2.046044275039542981e+01,1.847000000000000171e+02
3.610012360939431630e+01,5.278999999999999773e+02,2.044422220217098740e+01,1.409000000000000057e+02
3.615574783683560156e+01,5.277999999999999545e+02,2.042800632306033393e+01,1.844000000000000909e+02
3.621137206427688682e+01,5.276999999999999318e+02,2.041179533636323029e+01,1.412000000000000171e+02
3.626699629171817207e+01,5.275999999999999091e+02,2.039558946591639099e+01,1.840000000000000568e+02
3.632262051915945733e+01,5.274999999999998863e+02,2.037938893602689205e+01,1.415000000000000568e+02
3.637824474660074259e+01,5.273000000000000682e+02,2.036319397140594489e+01,1.417000000000000455e+02
3.643386897404202784e+01,5.272000000000000455e+02,2.034700479710311782e+01,1.418000000000000114e+02
3.648949320148331310e+01,5.271000000000000227e+02,2.033082163844126811e+01,1.421000000000000227e+02
3.654511742892459836e+01,5.270000000000000000e+02,2.031464472095230889e+01,1.831999999999999886e+02
3.660074165636588361e+01,5.268999999999999773e+02,2.029847427031401708e+01,1.424000000000000057e+02
3.665636588380716887e+01,5.267999999999999545e+02,2.028231051228798165e+01,1.426000000000000227e+02
3.671199011124845413e+01,5.266999999999999318e+02,2.026615367265899792e+01,1.427999999999999829e+02
3.676761433868973938e+01,5.265000000000000000e+02,2.025000397717594680e+01,1.824000000000000057e+02
3.682323856613103175e+01,5.263999999999999773e+02,2.023386165149438298e+01,1.821999999999999886e+02
3.687886279357231700e+01,5.262999999999999545e+02,2.021772692112105574e+01,1.820000000000000284e+02
3.693448702101360226e+01,5.261999999999999318e+02,2.020160001136036954e+01,1.818000000000000114e+02
3.699011124845488752e+01,5.260999999999999091e+02,2.018548114726318587e+01,1.437999999999999545e+02
3.704573547589617277e+01,5.259999999999998863e+02,2.016937055357790243e+01,1.440999999999999659e+02
3.710135970333745803e+01,5.257999999999999545e+02,2.015326845470412209e+01,1.442999999999999261e+02
3.715698393077874329e+01,5.257000000000000455e+02,2.013717507464892620e+01,1.444999999999999432e+02
3.721260815822002854e+01,5.256000000000000227e+02,2.012109063698608580e+01,1.446999999999999602e+02
3.726823238566131380e+01,5.255000000000000000e+02,2.010501536481816132e+01,1.449999999999999432e+02
3.732385661310259906e+01,5.253999999999999773e+02,2.008894948074179254e+01,1.803999999999998920e+02
3.737948084054388431e+01,5.252999999999999545e+02,2.007289320681616118e+01,1.454999999999999147e+02
3.743510506798516957e+01,5.250999999999999091e+02,2.005684676453490667e+01,1.457999999999999545e+02
3.749072929542645483e+01,5.250000000000000000e+02,2.004081037480149163e+01,1.797999999999998977e+02
3.754635352286774008e+01,5.248999999999999773e+02,2.002478425790819472e+01,1.462999999999998693e+02
3.760197775030902534e+01,5.247999999999999545e+02,2.000876863351883372e+01,1.793000000000000114e+02
3.765760197775031060e+01,5.246999999999999318e+02,1.999276372065527596e+01,1.791000000000000227e+02
3.771322620519159585e+01,5.246000000000000227e+02,1.997676973768789210e+01,1.789000000000000057e+02
3.776885043263288111e+01,5.243999999999999773e+02,1.996078690232995356e+01,1.474999999999999716e+02
3.782447466007416637e+01,5.242999999999999545e+02,1.994481543163616877e+01,1.479000000000000057e+02
3.788009888751545162e+01,5.242000000000000455e+02,1.992885554200521980e+01,1.781999999999999886e+02
3.793572311495673688e+01,5.241000000000000227e+02,1.991290744918663691e+01,1.779999999999999716e+02
3.799134734239802214e+01,5.240000000000000000e+02,1.989697136829174795e+01,1.489999999999999716e+02
3.804697156983930739e+01,5.237999999999999545e+02,1.988104751380901192e+01,1.492999999999999829e+02
3.810259579728059265e+01,5.236999999999999318e+02,1.986513609962355176e+01,1.772999999999999829e+02
3.815822002472187791e+01,5.235999999999999091e+02,1.984923733904103571e+01,1.500999999999999375e+02
3.821384425216317027e+01,5.234999999999998863e+02,1.983335144481585033e+01,1.767999999999999545e+02
3.826946847960445552e+01,5.233999999999999773e+02,1.981747862918361491e+01,1.765000000000000284e+02
3.832509270704574078e+01,5.232999999999999545e+02,1.980161910389788460e+01,1.513000000000000398e+02
3.838071693448702604e+01,5.230999999999999091e+02,1.978577308027122328e+01,1.759000000000000909e+02
3.843634116192831129e+01,5.229999999999998863e+02,1.976994076922045451e+01,1.756000000000000512e+02
3.849196538936959655e+01,5.228999999999999773e+02,1.975412238131605491e+01,1.753000000000000398e+02
3.854758961681088181e+01,5.227999999999999545e+02,1.973831812683574682e+01,1.749000000000000057e+02
3.860321384425216706e+01,5.227000000000000455e+02,1.972252821582205229e+01,1.746000000000000512e+02
3.865883807169345232e+01,5.225000000000000000e+02,1.970675285814390421e+01,1.742000000000000739e+02
3.871446229913473758e+01,5.223999999999999773e+02,1.969099226356204468e+01,1.546000000000000227e+02
3.877008652657602283e+01,5.222999999999999545e+02,1.967524664179832783e+01,1.734000000000000057e+02
3.882571075401730809e+01,5.221999999999999318e+02,1.965951620260858235e+01,1.556000000000000512e+02
3.888133498145859335e+01,5.219999999999998863e+02,1.964380115585909081e+01,1.723000000000000398e+02
3.893695920889987860e+01,5.218999999999999773e+02,1.962810171160650441e+01,1.716999999999999886e+02
3.899258343634116386e+01,5.218000000000000682e+02,1.961241808018102262e+01,1.711000000000000512e+02
3.904820766378244912e+01,5.217000000000000455e+02,1.959675047227273836e+01,1.701999999999999886e+02
3.910383189122373437e+01,5.216000000000000227e+02,1.958109909902094969e+01,1.692000000000000171e+02
3.915945611866501963e+01,5.213999999999999773e+02,1.956546417210632427e+01,1.681000000000000227e+02
3.921508034610630489e+01,5.212999999999999545e+02,1.954984590384570353e+01,1.600000000000000000e+02
3.927070457354759014e+01,5.211999999999999318e+02,1.953424450728941508e+01,1.653999999999999773e+02
3.932632880098887540e+01,5.211000000000000227e+02,1.951866019632081617e+01,1.631999999999999886e+02
3.938195302843016066e+01,5.208999999999999773e+02,1.950309318575799722e+01,2.506999999999999886e+02
3.943757725587144591e+01,5.207999999999999545e+02,1.948754369145736476e+01,2.506999999999999886e+02
3.949320148331273117e+01,5.206999999999999318e+02,1.947201193041887990e+01,2.507999999999999829e+02
3.954882571075401643e+01,5.205999999999999091e+02,1.945649812089284936e+01,2.509000000000000057e+02
3.960444993819530879e+01,5.204999999999998863e+02,1.944100248248793150e+01,2.508999999999999488e+02
3.966007416563659405e+01,5.202999999999999545e+02,1.942552523628021888e+01,2.509999999999999716e+02
3.971569839307787930e+01,5.201999999999999318e+02,1.941006660492312719e+01,2.510999999999999659e+02
3.977132262051916456e+01,5.201000000000000227e+02,1.939462681275787759e+01,2.510999999999999659e+02
3.982694684796044982e+01,5.200000000000000000e+02,1.937920608592438754e+01,2.511999999999999602e+02
3.988257107540173507e+01,5.197999999999999545e+02,1.936380465247221494e+01,2.512999999999999829e+02
3.993819530284302033e+01,5.196999999999999318e+02,1.934842274247149163e+01,2.512999999999999261e+02
3.999381953028430559e+01,5.196000000000000227e+02,1.933306058812344475e+01,2.513999999999999488e+02
4.004944375772559084e+01,5.195000000000000000e+02,1.931771842387040650e+01,2.514999999999999432e+02
4.010506798516687610e+01,5.192999999999999545e+02,1.930239648650493578e+01,2.514999999999999432e+02
4.016069221260816136e+01,5.191999999999999318e+02,1.928709501527797343e+01,2.515999999999999375e+02
4.021631644004944661e+01,5.190999999999999091e+02,1.927181425200565457e+01,2.516999999999999602e+02
4.027194066749073187e+01,5.190000000000000000e+02,1.925655444117461812e+01,2.517999999999999545e+02
4.032756489493201713e+01,5.188000000000000682e+02,1.924131583004557910e+01,2.517999999999999545e+02
4.038318912237330238e+01,5.187000000000000455e+02,1.922609866875490425e+01,2.518999999999999773e+02
4.043881334981458764e+01,5.186000000000000227e+02,1.921090321041393878e+01,2.519999999999999147e+02
4.049443757725587290e+01,5.183999999999999773e+02,1.919572971120600968e+01,2.520999999999999375e+02
4.055006180469715815e+01,5.182999999999999545e+02,1.918057843048063305e+01,2.520999999999999375e+02
4.060568603213844341e+01,5.181999999999999318e+02,1.916544963084493958e+01,2.521999999999999318e+02
4.066131025957972867e+01,5.180999999999999091e+02,1.915034357825201994e+01,2.522999999999999545e+02
4.071693448702101392e+01,5.178999999999999773e+02,1.913526054208589500e+01,2.523999999999998920e+02
4.077255871446229918e+01,5.177999999999999545e+02,1.912020079524311811e+01,2.523999999999998920e+02
4.082818294190358444e+01,5.176999999999999318e+02,1.910516461421060086e+01,2.524999999999999147e+02
4.088380716934486969e+01,5.175999999999999091e+02,1.909015227913960189e+01,2.525999999999999091e+02
4.093943139678615495e+01,5.173999999999998636e+02,1.907516407391565139e+01,2.526999999999999318e+02
4.099505562422744731e+01,5.172999999999999545e+02,1.906020028622426921e+01,2.527999999999999261e+02
4.105067985166873257e+01,5.172000000000000455e+02,1.904526120761226693e+01,2.527999999999999261e+02
4.110630407911001782e+01,5.170000000000000000e+02,1.903034713354448115e+01,2.528999999999999488e+02
4.116192830655130308e+01,5.168999999999999773e+02,1.901545836345587404e+01,2.529999999999999432e+02
4.121755253399258834e+01,5.167999999999999545e+02,1.900059520079867781e+01,2.530999999999999091e+02
4.127317676143387359e+01,5.166999999999999318e+02,1.898575795308465430e+01,2.532999999999999261e+02
4.132880098887515885e+01,5.165000000000000000e+02,1.897094693192218173e+01,2.533999999999999204e+02
4.138442521631644411e+01,5.163999999999999773e+02,1.895616245304814740e+01,2.533999999999999204e+02
4.144004944375772936e+01,5.162999999999999545e+02,1.894140483635450067e+01,2.534999999999998863e+02
4.149567367119901462e+01,5.161000000000000227e+02,1.892667440590939165e+01,2.535999999999998806e+02
4.155129789864029988e+01,5.160000000000000000e+02,1.891197148997271427e+01,2.536999999999999034e+02
4.160692212608158513e+01,5.158999999999999773e+02,1.889729642100612139e+01,2.537999999999998977e+02
4.166254635352287039e+01,5.157000000000000455e+02,1.888264953567733428e+01,2.538999999999999204e+02
4.171817058096415565e+01,5.156000000000000227e+02,1.886803117485871439e+01,2.538999999999999204e+02
4.177379480840544090e+01,5.155000000000000000e+02,1.885344168362001938e+01,2.539999999999999147e+02
4.182941903584672616e+01,5.152999999999999545e+02,1.883888141121536108e+01,2.540999999999999375e+02
4.188504326328801142e+01,5.151999999999999318e+02,1.882435071106423763e+01,2.541999999999998749e+02
4.194066749072929667e+01,5.150999999999999091e+02,1.880984994072671412e+01,2.542999999999998977e+02
4.199629171817058193e+01,5.148999999999999773e+02,1.879537946187264907e+01,2.543999999999998920e+02
4.205191594561186719e+01,5.147999999999999545e+02,1.878093964024499485e+01,2.544999999999999147e+02
4.210754017305315244e+01,5.146999999999999318e+02,1.876653084561718998e+01,2.545000000000000000e+02
4.216316440049443770e+01,5.144999999999998863e+02,1.875215345174460424e+01,2.546000000000000227e+02
4.221878862793572296e+01,5.143999999999999773e+02,1.873780783631008973e+01,2.546999999999999602e+02
4.227441285537700821e+01,5.142999999999999545e+02,1.872349438086365936e+01,2.547999999999999829e+02
4.233003708281829347e+01,5.141000000000000227e+02,1.870921347075628560e+01,2.548999999999999773e+02
4.238566131025958583e+01,5.140000000000000000e+02,1.869496549506792604e+01,2.550000000000000000e+02
4.244128553770087109e+01,5.138999999999999773e+02,1.868075084652975093e+01,2.552000000000000171e+02
4.249690976514215635e+01,5.136999999999999318e+02,1.866656992144071481e+01,2.553000000000000114e+02
4.255253399258344160e+01,5.135999999999999091e+02,1.865242311957841892e+01,2.554000000000000341e+02
4.260815822002472686e+01,5.134999999999998863e+02,1.863831084410441719e+01,2.554999999999999716e+02
4.266378244746601212e+01,5.133000000000000682e+02,1.862423350146406165e+01,2.554999999999999716e+02
4.271940667490729737e+01,5.132000000000000455e+02,1.861019150128088384e+01,2.555999999999999943e+02
4.277503090234858263e+01,5.131000000000000227e+02,1.859618525624564356e+01,2.556999999999999886e+02
4.283065512978986789e+01,5.128999999999999773e+02,1.858221518200014444e+01,2.558000000000000114e+02
4.288627935723115314e+01,5.127999999999999545e+02,1.856828169701595499e+01,2.559000000000000057e+02
4.294190358467243840e+01,5.126000000000000227e+02,1.855438522246803146e+01,2.560000000000000000e+02
4.299752781211372366e+01,5.125000000000000000e+02,1.854052618210344505e+01,2.560999999999999659e+02
4.305315203955500891e+01,5.123999999999999773e+02,1.852670500210530591e+01,2.561999999999999886e+02
4.310877626699629417e+01,5.121999999999999318e+02,1.851292211095204721e+01,2.563000000000000114e+02
4.316440049443757943e+01,5.120999999999999091e+02,1.849917793927203391e+01,2.563999999999999773e+02
4.322002472187886468e+01,5.119999999999999432e+02,1.848547291969388695e+01,2.566000000000000227e+02
4.327564894932014994e+01,5.117999999999998977e+02,1.847180748669240913e+01,2.566999999999999886e+02
4.333127317676143520e+01,5.116999999999999318e+02,1.845818207643041831e+01,2.567999999999999545e+02
4.338689740420272045e+01,5.115000000000000000e+02,1.844459712659655892e+01,2.568999999999999773e+02
4.344252163164400571e+01,5.113999999999999773e+02,1.843105307623925526e+01,2.570000000000000000e+02
4.349814585908529097e+01,5.112999999999999545e+02,1.841755036559695924e+01,2.570999999999999659e+02
4.355377008652657622e+01,5.110999999999999659e+02,1.840408943592488455e+01,2.571999999999999886e+02
4.360939431396786148e+01,5.109999999999999432e+02,1.839067072931830182e+01,2.573000000000000114e+02
4.366501854140914674e+01,5.107999999999999545e+02,1.837729468853267178e+01,2.575000000000000000e+02
4.372064276885043199e+01,5.106999999999999318e+02,1.836396175680072673e+01,2.575999999999999659e+02
4.377626699629172435e+01,5.105000000000000000e+02,1.835067237764662451e+01,2.576999999999999886e+02
4.383189122373300961e+01,5.104000000000000341e+02,1.833742699469752324e+01,2.578999999999999773e+02
4.388751545117429487e+01,5.103000000000000114e+02,1.832422605149250217e+01,2.580000000000000000e+02
4.394313967861558012e+01,5.101000000000000227e+02,1.831106999128929047e+01,2.581000000000000227e+02
4.399876390605686538e+01,5.100000000000000000e+02,1.829795925686880054e+01,2.582000000000000455e+02
4.405438813349815064e+01,5.097999999999999545e+02,1.828489429033774272e+01,2.583000000000000114e+02
4.411001236093943589e+01,5.096999999999999886e+02,1.827187553292949218e+01,2.584999999999998863e+02
4.416563658838072115e+01,5.094999999999999432e+02,1.825890342480343875e+01,2.585999999999999091e+02
4.422126081582200641e+01,5.093999999999999204e+02,1.824597840484302580e+01,2.586999999999998749e+02
4.427688504326329166e+01,5.091999999999999318e+02,1.823310091045267001e+01,2.587999999999998977e+02
4.433250927070457692e+01,5.090999999999999091e+02,1.822027137735375035e+01,2.589999999999999432e+02
4.438813349814586218e+01,5.089999999999998863e+02,1.820749023938001798e+01,2.591999999999998749e+02
4.444375772558714743e+01,5.088000000000000114e+02,1.819475792827247318e+01,2.592999999999998977e+02
4.449938195302843269e+01,5.086999999999999886e+02,1.818207487347408602e+01,2.593999999999999204e+02
4.455500618046971795e+01,5.085000000000000000e+02,1.816944150192452767e+01,2.595999999999999091e+02
4.461063040791100320e+01,5.083999999999999773e+02,1.815685823785513975e+01,2.596999999999999318e+02
4.466625463535228846e+01,5.081999999999999318e+02,1.814432550258446852e+01,2.597999999999999545e+02
4.472187886279357372e+01,5.080999999999999659e+02,1.813184371431449549e+01,2.599999999999999432e+02
4.477750309023485897e+01,5.078999999999999204e+02,1.811941328792794437e+01,2.600999999999999659e+02
4.483312731767614423e+01,5.077999999999999545e+02,1.810703463478678188e+01,2.602999999999998977e+02
4.488875154511742949e+01,5.076000000000000227e+02,1.809470816253232428e+01,2.604999999999999432e+02
4.494437577255871474e+01,5.075000000000000000e+02,1.808243427488711674e+01,2.606999999999999318e+02
4.500000000000000000e+01,5.073000000000000114e+02,1.807021337145884488e+01,2.607999999999999545e+02
