"wl","cor"
176.36,NA
176.58,NA
176.8,NA
177.02,1932.99430431257
177.24,18.70934207003
177.47,-5794.39024389808
177.69,-12.8719572626841
177.91,150
178.13,-245.455554322495
178.35,-110.510086085054
178.57,245.100292019722
178.79,-4.34690303062446
179.01,-276.461295418634
179.23,131.424386160715
179.46,4.92933530483773
179.68,10.1443634562316
179.9,536.426193118748
180.12,-67.1634720501422
180.34,-104.549994451227
180.56,113.581698164391
180.78,90.4738653273815
181,12.6313895813522
181.22,81.94364382354
181.44,100.885835277849
181.66,-16.6674202007416
181.89,-5332.38405207565
182.11,4050.91575091596
182.33,79.6279132852586
182.55,-44.7679205110008
182.77,-36.5588575028875
182.99,-1.24971389333938
183.21,-476.032815704657
183.43,27.210974738835
183.65,30.251118132206
183.87,-26.7951638338885
184.09,168.29130318278
184.31,105.358154946158
184.53,121.350780457027
184.76,32.5578424414484
184.98,8.33410398209687
185.2,72.0019531249988
185.42,4.76079753531338
185.64,12.1199118121418
185.86,138.980385665814
186.08,86.4290323143188
186.3,49.0210158456607
186.52,112.820833855016
186.74,52.5642831431836
186.96,-39.3246097714867
187.18,11.1131205353128
187.4,1133.28360233283
187.62,232.13880896329
187.84,71.3591542618757
188.06,50
188.28,-640.916657418715
188.51,315.381003802995
188.73,-900.034879665083
188.95,Inf
189.17,-41.9390407182781
189.39,-22.8199246272319
189.61,687.822306913611
189.83,-24.5301271420665
190.05,50.5107125062283
190.27,87.2107877927618
190.49,76.3820390136182
190.71,-20.4085700049829
190.93,108.130210400953
191.15,32.2587419930694
191.37,89.6904102693179
191.59,17.0355902777778
191.81,-258.825219014793
192.03,63.2056567703896
192.25,97.9878418456798
192.47,-2.29830223095262
192.69,36.3629637850034
192.91,170.313572899978
193.13,835.300876059144
193.35,72.8580646286378
193.57,-300.122100122125
193.79,102.727777161248
194.01,136.839850944447
194.23,7.97585525133277
194.45,73.1718936085738
194.67,86.1849079636351
194.89,-14.1963680204959
195.11,187.505340902152
195.33,250.006425083529
195.55,84.906833728724
195.77,-116.663275686673
195.99,-37.4409886142735
196.21,-4106.11246944113
196.43,-125.28693700014
196.65,22.4599838107423
196.87,-414.252499418725
197.09,15.3856988591016
197.31,154.550066586341
197.53,69.6693048227347
197.75,78.1261921110859
197.97,46.551470123966
198.19,36.4099610622129
198.41,504.888941821007
198.63,-10.9565217391314
198.85,42.6844518549392
199.07,162.244643746886
199.29,65.3330946141696
199.51,80.2483648310567
199.73,14.4736419415986
199.95,-14.6340737211931
200.17,46.6666666666663
200.39,17.171393341554
200.61,633.282473807363
200.83,-3068.64820846889
201.05,181.607969692719
201.27,132.464567678111
201.49,94.1172246656493
201.71,49.1815089053434
201.93,135.261575805473
202.15,309.08889135501
202.37,37.5945370438361
202.59,24.5278383441326
202.81,153.487579843859
203.03,-62.5057225698122
203.25,-70.3941662115709
203.47,174.802952824023
203.69,47.7548579970105
203.91,506.209948123279
204.13,577.835051546368
204.35,67.2426493801689
204.57,-50.9985351562491
204.79,32.1431685412853
205.01,90.4113712374576
205.23,-87.9277686576572
205.45,296.610940991474
205.67,94.7399982866441
205.89,-9.25942671127558
206.1,81.9152251831068
206.32,282.612387877502
206.54,4.05476740349659
206.76,76.9211989182697
206.98,162.75073004931
207.2,128.297019669262
207.42,94.2869765387033
207.64,-28.2628310599241
207.86,95.7430782816486
208.08,213.780621264418
208.3,60.2951208128382
208.52,28.318641431164
208.74,68.6737065035159
208.96,34.6652777551715
209.18,-19.0559237297958
209.4,-61.2257100149479
209.62,79.8044427339532
209.83,-23.4560086807119
210.05,22.5808568728342
210.27,-36.9559832991299
210.49,18.8252190147927
210.71,114.049353322168
210.93,2039.94140624976
211.15,150.002977431072
211.37,75.3725904602261
211.59,84.6187554776492
211.81,108.421783043355
212.03,41.6004218832398
212.25,50.4778291905964
212.47,600.000000000026
212.68,-52.1787590892201
212.9,-28.5711171662125
213.12,-170.834181078329
213.34,17.1880165814709
213.56,113.330078124999
213.78,-122.217198661722
214,-325.005086469995
214.22,59.2416458391189
214.44,-43.5868544600925
214.66,-9.35117855762829
214.88,295.658404543277
215.09,32.2587419930694
215.31,81.2027314780825
215.53,439.38743804099
215.75,45.2040133779265
215.97,233.898866175618
216.19,44.3560613518678
216.41,-38.6807011078618
216.63,14.0126893291458
216.85,74.4973701027383
217.06,-1055.35665853
217.28,0
217.5,-10.185143322181
217.72,133.157292831168
217.94,128.732987231653
218.16,-1250.30525030532
218.38,68.2938085242585
218.6,-418.413106328298
218.82,64.0450979316395
219.03,17.7788628472212
219.25,249.999999999999
219.47,46.0180623973726
219.69,77.4503937384815
219.91,5.43495568175724
220.13,105.939229858107
220.35,151.114969345124
220.57,132.653213751868
220.78,24.0754136902063
221,234.243001906289
221.22,-6.94449153979104
221.44,289.288049875747
221.66,-609.167591564918
221.88,72.6477891617801
222.1,425.015259409973
222.31,111.595074658554
222.53,35.592706005683
222.75,52.9383042279416
222.97,11.1111111111114
223.19,300.005677946856
223.41,92.1176696974075
223.63,21.3803438231387
223.84,-16.5134224053935
224.06,-2.45947568541177
224.28,299.995393615548
224.5,156.410416927506
224.72,5.23862117072638
224.94,17.1062353432497
225.16,89.1660393481299
225.37,47.8631943574983
225.59,130.768921203016
225.81,198.252377280905
226.03,21.1105987033061
226.25,15.3339084294997
226.47,49.9959309895844
226.68,144.916411487214
226.9,53.0864755704253
227.12,81.1189646930277
227.34,103.671183783179
227.56,111.109741060421
227.78,-26.8326088251054
227.99,70.0421332399331
228.21,9.18285999003466
228.43,32.6091571721741
228.65,189.85563654377
228.87,39.8075282070727
229.09,35.1736795137315
229.3,46.6021948849229
229.52,46.1541170256471
229.74,124.417317246274
229.96,70.9405811466431
230.18,74.6047124476831
230.39,218.17778271002
230.61,99.9999999999979
230.83,103.870083639171
231.05,117.138671875003
231.27,18.5188534225502
231.49,278.964276535587
231.7,-64.4554753309265
231.92,-60.8746417577729
232.14,-63.9941406250018
232.36,145.945232596503
232.58,34.6154749049251
232.79,-17.7080949111167
233.01,25.4054767403494
233.23,149.998728414842
233.45,28.5064074237739
233.67,1299.97558593749
233.88,61.4040347796276
234.1,110.111373237505
234.32,157.893947830557
234.54,71.2515640736103
234.75,60.3426502778251
234.97,-303.040840485348
235.19,-2.32505322924049
235.41,77.9762250770211
235.63,95.5909808990375
235.84,-12402.8083028089
236.06,-80.4519421396581
236.28,44.6138822115382
236.5,-34.4829521537812
236.72,36.894377548118
236.93,204.757254464286
237.15,35.4161898222323
237.37,5.7128906250013
237.59,1.54323778521248
237.8,100
238.02,70.0012207031252
238.24,98.5935834393587
238.46,38.4294102217471
238.67,92.5942671127592
238.89,34.9228801736161
239.11,104.039457459926
239.33,46.5348449321959
239.55,118.64396259207
239.76,27.0273837017485
239.98,79.1435472289315
240.2,115.663607483234
240.42,48.1485667781898
240.63,8.05341635261344
240.85,205.561207188879
241.07,302.12456495766
241.29,171.305437020996
241.5,-218.413106328301
241.72,36.5583776333928
241.94,14.5450779042066
242.16,31.7076801691154
242.37,219.450661241098
242.59,-157.998046875001
242.81,38.924214446307
243.03,21.2864705455776
243.24,-27.2158353421104
243.46,353.842903422695
243.68,167.479158396189
243.9,129.557290100665
244.11,4500.976800977
244.33,-2.3984843453975
244.55,44.5035279680947
244.76,5.44261750539784
244.98,46.9017371013742
245.2,62.164302210492
245.42,39.3448199955976
245.63,-22.8246158745314
245.85,87.3802977149908
246.07,141.666949238751
246.29,64.2323799340643
246.5,126.434685000702
246.72,-27.1603821924825
246.94,57.8499223179525
247.15,61.4285963413149
247.37,89.8556365437684
247.59,-6.1222456122868
247.81,-3.40972145155996
248.02,124.390389138655
248.24,8.75879889512679
248.46,-15.3051818634776
248.67,18.5188534225494
248.89,100.003590406435
249.11,33.1078851864072
249.33,29.8491418576683
249.54,51.0499897561975
249.76,70.4542175761004
249.98,175.383112980767
250.19,-53.9116404475303
250.41,1140.26862026855
250.63,69.8982324584893
250.84,33.4652945296088
251.06,121.571161855521
251.28,206.123567513703
251.5,-43.7501589481448
251.71,52.0661824051652
251.93,-6.45171452423335
252.15,155.102142501247
252.36,100.00420946287
252.58,48.2139743068072
252.8,70.4583287093547
253.01,3.48899929027757
253.23,35.386695714233
253.45,43.03727053588
253.66,-43.3664254306746
253.88,22.7798463496255
254.1,163.447323668569
254.31,43.350411314764
254.53,-692.262910798083
254.75,87.6722408026751
254.97,257.971834972755
255.18,130.473400297618
255.4,38.1573452407714
255.62,271.742476513985
255.83,11588.5365853699
256.05,86.0006347811238
256.27,239.474445051239
256.48,105.487242087712
256.7,119.671015768831
256.92,42.1873807888917
257.13,171.429024382509
257.35,-65.9092800665843
257.57,134.924817857695
257.78,78.6872123273973
258,63.7351434013891
258.21,292.312507825213
258.43,66.9175416697269
258.65,141.071324768935
258.86,50.8351813798299
259.08,29.6968172469405
259.3,108.569335937501
259.51,55.3574283181462
259.73,19.7810747726237
259.95,143.608194434247
260.16,140.91110864499
260.38,254.354864391481
260.6,-3.44958221960237
260.81,41.3584712300695
261.03,71.3630966252729
261.25,99.9999999999985
261.46,10.739156794311
261.68,-91.3971437572193
261.89,111.939899670833
262.11,83.3337322578335
262.33,115.625238422217
262.54,123.374235074036
262.76,232.843816048394
262.98,59.8131267612061
263.19,34.1964782674699
263.41,87.6049233252622
263.62,27.6835223040638
263.84,41.3328667458781
264.06,98.6861126280956
264.27,8.42156661184226
264.49,-37.724043156633
264.71,51.1901993838284
264.92,64.6254774954327
265.14,9.0264826557256
265.35,-29.9997287301862
265.57,57.5103473568392
265.79,40.6663519914054
266,63.6818579341176
266.22,52.7102601416771
266.43,57.3584418934602
266.65,37.7660610625561
266.87,16.1154940376503
267.08,36.7653218760848
267.3,107.691196440439
267.51,9.99985638580547
267.73,52.4787635439157
267.95,37.5856611271067
268.16,39.3008305169673
268.38,47.1798274717982
268.59,12.9630801783145
268.81,68.609590540836
269.03,369.39212755356
269.24,49.3632009454795
269.46,34.3340039398133
269.67,17.6191223572772
269.89,60.2738443221114
270.11,11.8345588766415
270.32,-1.65937272064179
270.54,60.8365901432381
270.75,49.758214799613
270.97,50.2153298056271
271.19,56.3466088179048
271.4,-9.52408633045737
271.62,70.3050204164312
271.83,5.35723627992935
272.05,23.8336790973034
272.26,35.8974180624339
272.48,55.7695919298154
272.7,-8.23060152113413
272.91,10.0288216694184
273.13,30.9168709883966
273.34,28.4536352332962
273.56,39.9136594157343
273.77,52.3953977953861
273.99,28.4385030389948
274.21,83.5333762170699
274.42,32.0091725326001
274.64,24.6476814891654
274.85,75.3326443086288
275.07,30.7689418410732
275.28,32.1429986920853
275.5,24.2054869750004
275.71,42.8575336470074
275.93,34.2159305060388
276.15,44.4024378023339
276.36,10.0866114586043
276.58,29.6653232871911
276.79,31.4281547056622
277.01,14.5408910009278
277.22,28.5093214258946
277.44,25.9528725751709
277.65,23.964033713994
277.87,72.1012313353618
278.08,36.605738650264
278.3,53.2751580540954
278.52,40.2925660694717
278.73,28.7499160751235
278.95,13.2937728582846
279.16,28.4264882058908
279.38,55.7501922630892
279.59,25.0002564549717
279.81,25.1497268611694
280.02,39.0803898825115
280.24,49.7593817600399
280.45,27.3093176715136
280.67,40.2133870855632
280.88,42.5619063472608
281.1,35.6519302297933
281.31,14.5912003457923
281.53,37.2879251841429
281.74,29.3594043233475
281.96,42.6254352643242
282.17,26.0723723057208
282.39,36.1246301745496
282.6,40.1080202867368
282.82,34.6809989026802
283.04,24.5981622423627
283.25,20.826540330261
283.47,22.305268851788
283.68,31.6558994887242
283.9,35.1745919091554
284.11,12.6633072934098
284.33,40.8191996206311
284.54,25.5529228277496
284.76,33.774624568302
284.97,25.4544833708941
285.19,34.6153597078042
285.4,78.8196298839466
285.62,31.6608814864509
285.83,32.9937082272005
286.05,32.5638173215266
286.26,30.8397680305021
286.48,42.7230351889351
286.69,42.6829667695844
286.91,34.5000381475547
287.12,41.2451669901868
287.33,28.1638006500411
287.55,34.6374447577834
287.76,36.2297879207146
287.98,39.2201385350229
288.19,21.4942780331476
288.41,33.6112323585042
288.62,36.9689647826526
288.84,21.9920159488404
289.05,28.7612113224567
289.27,24.4658459000383
289.48,31.4856517996827
289.7,36.9407980813934
289.91,25.6945285440938
290.13,32.3465195263707
290.34,27.4472407256846
290.56,35.9122759971552
290.77,19.6738773356695
290.99,22.8490574134259
291.2,26.4495282280797
291.41,36.8086686856198
291.63,29.8311831380103
291.84,26.5754004972074
292.06,51.8190787815353
292.27,35.0993209220677
292.49,27.9168600970669
292.7,22.127418838772
292.92,33.0888161354497
293.13,30.9216087883618
293.35,39.8258707910237
293.56,34.7109005504351
293.77,32.6140031323382
293.99,28.5825051769624
294.2,22.0780068561879
294.42,23.519898748418
294.63,30.6285798636131
294.85,32.1380631857443
295.06,29.2507158989369
295.28,35.09153185058
295.49,32.813611172152
295.7,27.3013595724243
295.92,32.0029410722511
296.13,25.8344849580099
296.35,30.7800726313213
296.56,29.1100505037549
296.78,35.1485328015333
296.99,31.1237567374695
297.2,43.9659950183785
297.42,30.1270642588017
297.63,33.491195612673
297.85,31.9122594239265
298.06,33.5862797420503
298.28,30.8609958506224
298.49,40.0723739754265
298.7,25.4376030066592
298.92,35.4179818367065
299.13,29.8009679092766
299.35,32.8666403155007
299.56,27.6036383818114
299.77,27.2256376882104
299.99,34.5194606877192
300.2,39.0374354823267
300.42,33.5843979049336
300.63,32.3673457946171
300.85,29.6940470518549
301.06,31.923492027119
301.27,31.482529521082
301.49,33.29844949863
301.7,37.3333638765075
301.92,32.1323344223022
302.13,34.0694463877019
302.34,35.3417467398977
302.56,36.93551435727
302.77,31.6553240820069
302.99,29.529874529206
303.2,26.8074985529008
303.41,29.2806525618149
303.63,34.4894911728715
303.84,33.0120824984381
304.05,35.324090505266
304.27,30.038662295082
304.48,29.8099364568406
304.7,30.1969608578493
304.91,21.8217716858244
305.12,28.4621758133967
305.34,31.9648153830418
305.55,35.4508514532089
305.77,26.719789937438
305.98,27.1585644543882
306.19,25.4699305633047
306.41,28.6000526874002
306.62,33.1458519498685
306.83,30.6746136317837
307.05,28.2584113175317
307.26,32.3285148409198
307.47,28.0821841451043
307.69,25.7993690466791
307.9,28.989612759997
308.12,28.5814953744882
308.33,34.6820656296417
308.54,31.3279694606294
308.76,34.322206614048
308.97,31.3771705274525
309.18,28.3655207158793
309.4,28.9196204984858
309.61,28.7371990900834
309.82,27.2583339846425
310.04,29.4776236830031
310.25,31.6143396061159
310.46,28.1643002939011
310.68,28.4304473206524
310.89,29.4195611842614
311.11,31.0377119487523
311.32,27.9042041489404
311.53,25.5313302914534
311.75,28.0590891163711
311.96,30.3994461467154
312.17,28.3512897986074
312.39,28.4296371042452
312.6,30.3137015755223
312.81,28.8721900874751
313.03,27.1964795120938
313.24,27.6584021658152
313.45,29.6090981207578
313.67,31.7945773422615
313.88,28.1112954443402
314.09,28.3594015743594
314.31,26.7480300451979
314.52,26.5322501763552
314.73,27.387425485943
314.95,28.4135564653606
315.16,27.8737870645673
315.37,28.9133675231635
315.58,27.5290672173074
315.8,30.1121395676833
316.01,30.8958434209182
316.22,30.619502903899
316.44,28.4109233267713
316.65,27.3191987975599
316.86,29.2670467632759
317.08,27.6143978232817
317.29,29.1996140487787
317.5,26.2773688903674
317.72,27.0894142734807
317.93,29.7221371689457
318.14,29.2504659066836
318.35,29.113926547617
318.57,29.4448448631005
318.78,29.0542074773301
318.99,26.6883086746346
319.21,28.6104605303811
319.42,30.2784966377114
319.63,33.0815467632753
319.85,29.3739074239381
320.06,28.0057675958839
320.27,30.759931507254
320.48,27.3735401538069
320.7,29.718867858146
320.91,28.8582275450467
321.12,24.8269486435794
321.34,32.3931014316907
321.55,29.4078554509847
321.76,28.3147434957779
321.97,30.1340365984248
322.19,27.4818472997384
322.4,28.6237790154721
322.61,29.8160338630616
322.83,31.658336489377
323.04,30.1803487790093
323.25,28.2786771986098
323.46,30.0369804803327
323.68,27.1105235989099
323.89,28.6974782831869
324.1,27.949346639063
324.31,28.514043874685
324.53,28.8126281529699
324.74,29.6489157005644
324.95,28.5073420715482
325.16,32.0867045623464
325.38,30.1387894929206
325.59,30.7371764202897
325.8,30.371639664384
326.01,28.015851108481
326.23,29.2929226502238
326.44,30.4595663059511
326.65,30.0810355888797
326.86,30.4583728779389
327.08,29.8106515837865
327.29,30.8304590828541
327.5,30.5124219805728
327.71,29.9513963070037
327.93,31.6121006372198
328.14,33.512878654848
328.35,30.4787818174276
328.56,29.2377325840037
328.78,30.1344597834683
328.99,30.795339866214
329.2,31.6784390817155
329.41,30.2661919104232
329.63,30.8332064391943
329.84,28.9057282109256
330.05,29.7617239493064
330.26,30.9204217478049
330.48,29.1510536344091
330.69,30.4518842284524
330.9,31.2786417132934
331.11,30.7451094532698
331.32,29.7852792101151
331.54,28.5648596393715
331.75,29.227880850804
331.96,29.491032080132
332.17,29.3648241804316
332.39,31.0682758047346
332.6,26.3287338237612
332.81,29.5549651266536
333.02,29.5814657566541
333.23,29.0765498300371
333.45,32.5403958580779
333.66,31.6575904468768
333.87,31.1300534584167
334.08,29.6233980599512
334.29,30.5660215562802
334.51,31.5789617577845
334.72,29.7687007959788
334.93,30.0323262336337
335.14,32.7308999741507
335.35,30.2044314010815
335.57,27.7703046781093
335.78,31.7540212165044
335.99,30.2232732728835
336.2,29.6103103427368
336.41,30.7346393188581
336.63,31.4910601753503
336.84,29.0744448995484
337.05,29.6965058988787
337.26,28.8734976060338
337.47,29.4988583734216
337.69,30.3834418138541
337.9,29.7511583030256
338.11,30.8484333667964
338.32,29.2625776570197
338.53,28.9639098232848
338.74,29.5454274255426
338.96,29.8160122196795
339.17,30.7206937128768
339.38,29.0946961496392
339.59,31.6977649347191
339.8,32.3877305870569
340.01,31.7153984089351
340.23,31.1655445384939
340.44,31.2143278720776
340.65,32.7138226107704
340.86,31.3377100274372
341.07,31.7836904266468
341.28,32.1295861889866
341.5,31.25792519162
341.71,29.6179157405147
341.92,31.3443959116084
342.13,29.4594905080559
342.34,31.1972336762762
342.55,31.640105349862
342.77,32.7509930986761
342.98,30.7078756089125
343.19,32.2840888336348
343.4,31.5966460385017
343.61,32.5819489798912
343.82,29.6577031794483
344.03,30.3483753662646
344.25,32.5444773702025
344.46,29.5646186450598
344.67,30.5132879979837
344.88,32.3407937565075
345.09,30.4364188929958
345.3,30.9175438009965
345.51,29.8110400429301
345.73,30.5053927298996
345.94,30.9179021502898
346.15,29.8459889488913
346.36,31.3428793345755
346.57,30.7497701360085
346.78,30.9140143681301
346.99,30.4202809727817
347.21,32.1106578540834
347.42,33.1026735405241
347.63,32.3479396217496
347.84,32.315526098189
348.05,32.3127500648928
348.26,32.2448274532552
348.47,31.8774393476641
348.68,32.5273825567376
348.89,32.0300289555295
349.11,31.7174133711845
349.32,32.439360628653
349.53,32.255539333315
349.74,31.4389269121142
349.95,31.9476277855922
350.16,32.4368199377374
350.37,32.0430839598555
350.58,32.5970668772017
350.79,31.3628543529813
351.01,31.0201746991379
351.22,31.9366778805528
351.43,31.1341313526664
351.64,31.4142040066441
351.85,31.7186516251413
352.06,32.3379895003914
352.27,32.5151441604217
352.48,33.2230491771187
352.69,32.7493999850702
352.9,33.5885959620611
353.12,31.5191523697098
353.33,31.8618755536622
353.54,32.3962578759576
353.75,32.7051508517388
353.96,33.3437882791191
354.17,32.5073437421667
354.38,34.1266166659845
354.59,32.436602400111
354.8,32.7561350839338
355.01,33.2070940567986
355.22,33.2303711567593
355.43,33.4749149964697
355.64,33.8240855086502
355.86,34.1923085357773
356.07,34.3040540685023
356.28,33.9308727211288
356.49,34.0260849829672
356.7,34.8052009474351
356.91,34.3047419693807
357.12,32.6335532769353
357.33,34.2818127483086
357.54,35.6182497837057
357.75,33.9209269992167
357.96,33.7490404240658
358.17,34.0711876145247
358.38,32.8908760176073
358.59,34.4527686320377
358.8,34.2087856661143
359.02,34.4527515118361
359.23,34.3877435728635
359.44,34.8161529708976
359.65,33.7617327622828
359.86,33.5718351437395
360.07,33.7833415682044
360.28,33.0277600131175
360.49,34.2697980973428
360.7,32.6872927809944
360.91,34.0270039505219
361.12,33.3733503399183
361.33,33.5904177674779
361.54,33.0595651015916
361.75,33.3891836460102
361.96,33.9814083029543
362.17,33.5677342075456
362.38,34.8041660528195
362.59,33.9887855418434
362.8,33.1057212723253
363.01,34.6562001184351
363.22,34.0115552437757
363.43,34.915869969658
363.64,34.3674805623095
363.85,35.3204383700866
364.06,34.9614075605998
364.27,35.044333046102
364.48,34.4586544767013
364.69,35.5694097624262
364.9,34.8661899188823
365.11,35.694253297838
365.33,34.816136557101
365.54,35.763396795978
365.75,36.8117033272758
365.96,35.4495290667731
366.17,35.0954594381545
366.38,35.8525846006562
366.59,35.4870746264994
366.8,35.9323380562649
367.01,36.1979316641868
367.22,35.239666793135
367.43,35.4685177884405
367.64,36.0542635711107
367.85,35.4128701256194
368.06,35.8991378707338
368.27,36.8212560438383
368.48,35.9567804653496
368.69,35.0303173387303
368.9,36.4670944014174
369.11,34.7837625705748
369.32,36.0052843687422
369.53,36.8738365477354
369.74,35.9687458388224
369.94,35.6702552674177
370.15,35.645731349902
370.36,35.5110265633309
370.57,36.2106965241914
370.78,34.9473449479225
370.99,36.1697602482396
371.2,36.1082813525443
371.41,36.9273689500984
371.62,35.8204878774914
371.83,37.1375173525026
372.04,37.0332363528513
372.25,36.0674620064452
372.46,36.8396318398061
372.67,37.1527103651945
372.88,37.5534150333279
373.09,37.1582401039772
373.3,37.2861697031254
373.51,38.3738053491586
373.72,36.5911942185788
373.93,37.5348866135505
374.14,37.9794490519753
374.35,38.2023590079383
374.56,38.8679478564977
374.77,38.2817571927625
374.98,37.3175468738328
375.19,38.0357857063261
375.4,39.4093657536916
375.61,38.4201468443504
375.82,37.9236693642773
376.03,37.5648031909341
376.23,39.1945119719711
376.44,38.4702145199617
376.65,38.6974616856052
376.86,38.2398430172957
377.07,39.4035975877499
377.28,38.4428982455933
377.49,37.3340904135305
377.7,38.249519746843
377.91,38.5799820244326
378.12,39.3559938368391
378.33,38.3338811772252
378.54,38.8205556588213
378.75,38.751483091339
378.96,37.8573323171978
379.17,38.8186112808871
379.37,38.9174843263804
379.58,39.6473893623474
379.79,38.814004191339
380,39.3742074151947
380.21,39.4164318885133
380.42,38.804518445047
380.63,38.734482278952
380.84,39.2098529233206
381.05,38.4139265331753
381.26,39.02212943878
381.47,39.7701772338815
381.68,39.1734943699748
381.89,39.0938760597578
382.09,38.51498181555
382.3,38.7194930513106
382.51,39.3003531274028
382.72,40.0484172708335
382.93,39.5418199347011
383.14,39.9478234643721
383.35,39.6398679887612
383.56,39.6707701867014
383.77,40.037636119221
383.98,40.2172899825854
384.18,40.3015374723824
384.39,39.9912125189853
384.6,40.1536318921695
384.81,40.6848153028574
385.02,40.9327659411726
385.23,40.1614525480753
385.44,41.4845733532048
385.65,40.5250913836272
385.86,41.7944653510716
386.06,41.7941183983186
386.27,41.7867255483348
386.48,42.2956043926012
386.69,42.3275852108979
386.9,43.4464587200378
387.11,43.1220764226308
387.32,43.3003417100399
387.53,43.3406348885231
387.73,44.3669379725749
387.94,45.0969604968479
388.15,44.8464178017219
388.36,44.7388694041267
388.57,45.2442075158171
388.78,45.4844780914538
388.99,45.0633891893919
389.2,46.0904964544354
389.4,44.3494507274241
389.61,44.4313555032751
389.82,44.5581037204082
390.03,43.8077275926092
390.24,44.2199811456466
390.45,44.7288469976871
390.66,45.5370012727502
390.86,44.1879859462369
391.07,43.497312191337
391.28,43.8289791486583
391.49,43.8754304648013
391.7,43.6658647008028
391.91,42.9043320936617
392.12,43.774761940161
392.32,43.4944914158732
392.53,42.6164424754241
392.74,43.3182741051171
392.95,42.9430164534733
393.16,42.3493203041489
393.37,42.8255457755632
393.57,43.2829734050983
393.78,43.4854054642374
393.99,43.922130968376
394.2,43.4424642427202
394.41,43.8244206309299
394.62,44.2304673402842
394.82,44.580937069845
395.03,45.2763419464223
395.24,45.9058709451512
395.45,46.1281631718192
395.66,47.2819941054911
395.87,47.3435487346888
396.07,48.0025471370937
396.28,48.445602244791
396.49,48.6315357168595
396.7,49.5889092352939
396.91,50.205933067665
397.11,50.5607253771176
397.32,51.0026992261175
397.53,51.6607760366824
397.74,51.9729435119268
397.95,51.7973824526488
398.16,52.1706867782496
398.36,51.3163320161379
398.57,51.8141649936955
398.78,53.1533605115897
398.99,52.4849662812677
399.2,52.1410123177972
399.4,53.0900902866201
399.61,52.8178432669527
399.82,52.2087439347937
400.03,52.6694243156163
400.24,52.4385605196262
400.44,52.1671612029236
400.65,50.903625733406
400.86,51.2537121626036
401.07,51.6639978565364
401.27,51.7122589207882
401.48,50.443999835306
401.69,50.7402725460254
401.9,49.9157836270071
402.11,50.3494469985674
402.31,50.3577340361534
402.52,50.7135259499319
402.73,49.9393743026161
402.94,50.2202855026698
403.15,49.8630088943207
403.35,50.6573376049077
403.56,50.7899173104524
403.77,49.4796206984661
403.98,50.2854431875463
404.18,49.8161919558455
404.39,50.8112639292976
404.6,49.8784813085974
404.81,50.1827103048962
405.01,50.3784725184026
405.22,51.4353389590983
405.43,49.9334804479359
405.64,50.6726243689107
405.85,51.4475145598588
406.05,51.4466953189749
406.26,52.1644193538151
406.47,52.0382498467707
406.68,52.8277061061754
406.88,52.7855728303831
407.09,52.682610221076
407.3,52.6605017262213
407.51,53.1517915440825
407.71,55.0467255192909
407.92,54.8525183665935
408.13,55.0972069984913
408.34,56.5582845849151
408.54,55.7285753185682
408.75,56.6934121960255
408.96,55.874792142657
409.16,56.5810698022925
409.37,57.0111435291594
409.58,57.4248607822708
409.79,58.1597600783683
409.99,58.4879284590018
410.2,58.1224619274992
410.41,59.6265017720955
410.62,59.7659507975989
410.82,60.3451745889502
411.03,60.9725032648785
411.24,61.2603892146202
411.45,62.0524184047105
411.65,62.5279261474524
411.86,62.9051919085338
412.07,62.9215293149881
412.27,63.0208196146725
412.48,63.9556747679336
412.69,64.5968713099745
412.9,63.7574976993761
413.1,64.7868925455544
413.31,64.9736246969096
413.52,65.2295178739984
413.72,66.0393884790418
413.93,65.839050609452
414.14,65.4188554783106
414.35,65.3982034359515
414.55,65.3540503229494
414.76,64.4282348807309
414.97,65.1362004812632
415.17,65.7929388273282
415.38,64.6120191952559
415.59,64.8362631357502
415.79,62.9729698096012
416,63.4347925117355
416.21,62.3928051011356
416.41,63.15092250303
416.62,62.2114676000401
416.83,61.5834878667155
417.04,61.3067238973274
417.24,61.9971796606007
417.45,61.6923982249063
417.66,61.4172482665182
417.86,61.8652632150691
418.07,62.5167390143016
418.28,61.3483229163127
418.48,61.6949553744664
418.69,61.7830810682829
418.9,61.9113960331022
419.1,62.7803055036718
419.31,63.6320408152044
419.52,63.5465320501356
419.72,64.2651933889029
419.93,64.6889957562069
420.14,64.9963041472506
420.34,65.9408341835108
420.55,65.8453469607943
420.76,66.8736372997378
420.96,66.9566304198606
421.17,67.8606489928611
421.38,68.3596991972752
421.58,69.4138108453458
421.79,70.6079373051016
422,70.2041536108954
422.2,71.1545729733581
422.41,71.6868026054834
422.62,71.7894576335604
422.82,72.0782712748317
423.03,72.9067584170295
423.24,72.7481845850108
423.44,74.6063365819143
423.65,75.1394951108887
423.85,75.6218482189455
424.06,75.6656423575298
424.27,76.3508940405678
424.47,76.7579361917264
424.68,76.6254897144437
424.89,78.7043674192787
425.09,78.0076633470499
425.3,77.8125543276373
425.51,79.1282631660209
425.71,77.8880017621349
425.92,79.0840062069948
426.12,78.5934495447808
426.33,78.5252387635388
426.54,78.7413849707308
426.74,79.0913909377646
426.95,79.4077998488324
427.16,78.4716171862111
427.36,78.49222158452
427.57,78.038670426505
427.77,77.8395286223043
427.98,78.3139654809466
428.19,78.4931939143444
428.39,77.9679467326774
428.6,77.7491492281281
428.81,77.3299903240186
429.01,77.632033837848
429.22,76.7652884889069
429.42,77.4508009739265
429.63,77.9166182355122
429.84,77.3841083447164
430.04,77.2238335738217
430.25,76.9419737170171
430.45,78.0316599085766
430.66,78.6207296842073
430.87,79.6969444739052
431.07,79.2851973044525
431.28,80.0245880729625
431.48,80.8517482410981
431.69,81.6324747966752
431.9,81.989157429335
432.1,82.3154914090996
432.31,83.8674521282915
432.51,83.7799857868222
432.72,83.589388533167
432.92,85.0513860225512
433.13,84.1483789138227
433.34,85.7649529030604
433.54,84.5457663688806
433.75,85.6205253028909
433.95,85.2687858446891
434.16,87.1964469257577
434.37,86.8778519701153
434.57,87.0063675448324
434.78,87.0964958627273
434.98,87.9974230307613
435.19,87.7694985110583
435.39,88.1823587676501
435.6,88.6761862780605
435.81,88.0709117518014
436.01,87.9367941641188
436.22,87.92959291411
436.42,87.894267108679
436.63,87.0217970111866
436.83,88.3838544681385
437.04,88.3919486239008
437.24,88.2923940950577
437.45,89.266777575315
437.66,89.7017739734017
437.86,89.1171296523108
438.07,89.2279628423436
438.27,90.5510952489941
438.48,89.7177464016502
438.68,90.7128186675086
438.89,90.9908228507972
439.09,91.0577681141263
439.3,91.2954263143466
439.5,91.8833104838386
439.71,92.929165986341
439.92,93.1770582581944
440.12,94.6746349509635
440.33,94.1544836387248
440.53,93.5245510807763
440.74,95.2257988850485
440.94,94.2959488573526
441.15,94.6578323804757
441.35,96.5555436980536
441.56,96.5688662326543
441.76,97.4515488879524
441.97,97.3881590973526
442.17,97.625022999266
442.38,98.6066454605671
442.58,98.7679166412398
442.79,100.270370966441
443,99.9727248724725
443.2,98.7164964017964
443.41,100.341145252647
443.61,99.9090981965437
443.82,100.002737479528
444.02,99.3452137866795
444.23,100.170826102625
444.43,99.4150768767417
444.64,98.4100780338962
444.84,98.7957111954313
445.05,98.2750991032468
445.25,99.5738130697012
445.46,98.6009139849607
445.66,98.3085469888807
445.87,99.054141950041
446.07,99.333684158515
446.28,99.6294883703103
446.48,98.6655988166687
446.69,98.7108810879896
446.89,99.5721970664602
447.1,101.073148866218
447.3,101.658351428829
447.51,101.971265175623
447.71,102.753745094343
447.92,103.120952478734
448.12,103.293993746848
448.33,103.235700116276
448.53,106.312201487112
448.73,105.029636125278
448.94,105.460078133807
449.14,108.126578222356
449.35,106.4530944464
449.55,108.610570590287
449.76,109.029343627925
449.96,108.773690536509
450.17,110.396576973383
450.37,110.869724948788
450.58,112.529248399937
450.78,112.120527723192
450.99,113.918735159269
451.19,114.007851878799
451.4,114.614129774251
451.6,116.064460315737
451.81,115.302552397144
452.01,117.099088022439
452.21,115.782398188298
452.42,117.191560048132
452.62,117.162393244572
452.83,116.833590906098
453.03,118.623489560555
453.24,118.9415684625
453.44,119.597959571237
453.65,118.08592712891
453.85,118.499333548145
454.06,118.589188902078
454.26,117.764844739485
454.46,118.645247403895
454.67,118.390110249336
454.87,118.503474772586
455.08,118.583616430622
455.28,117.309285231049
455.49,116.713666794784
455.69,118.120111799739
455.89,117.226438898001
456.1,116.755531933395
456.3,114.873687301806
456.51,114.614413384521
456.71,114.301165992866
456.92,113.578377580306
457.12,112.140305328172
457.32,112.071843775675
457.53,111.446980772587
457.73,110.736702833489
457.94,109.729270937729
458.14,109.130789670352
458.35,108.938389628883
458.55,108.813526669014
458.75,109.228447891481
458.96,108.145763892659
459.16,107.363796269341
459.37,109.216849986204
459.57,107.324653070297
459.77,108.409422634482
459.98,109.218380025902
460.18,109.102938023034
460.39,109.406549148971
460.59,109.788947319379
460.79,110.223304329811
461,111.662610551131
461.2,113.151726331618
461.41,114.198708823729
461.61,114.31485698989
461.81,117.184275550958
462.02,119.392180550251
462.22,119.835060995326
462.43,121.490750688293
462.63,121.764273516753
462.83,124.50648273916
463.04,124.111270739419
463.24,124.92073923835
463.45,127.054562003061
463.65,127.751829536163
463.85,129.754860650231
464.06,129.849191070889
464.26,132.698946180742
464.46,133.477132513672
464.67,133.982112396246
464.87,136.173812159395
465.08,136.1496883421
465.28,136.581445804096
465.48,137.856038877127
465.69,137.520041690534
465.89,137.348710264798
466.09,137.757401189318
466.3,136.947380717251
466.5,137.76044074089
466.71,138.116647578992
466.91,138.603802969654
467.11,138.118378205504
467.32,136.511167349606
467.52,136.632265346062
467.72,136.018175973365
467.93,135.843364666162
468.13,136.829392423059
468.33,135.544437692886
468.54,135.141875292944
468.74,134.125219217634
468.94,134.334864183485
469.15,132.850779735487
469.35,132.071757102638
469.55,130.930735138097
469.76,131.448246618156
469.96,129.10206685487
470.17,128.059246580431
470.37,128.139460467163
470.57,127.413776795317
470.78,126.339216409189
470.98,125.7579191794
471.18,124.379914026184
471.39,123.800664523646
471.59,122.060678133199
471.79,121.361139735562
471.99,120.944070259721
472.2,120.057938452907
472.4,119.779399234635
472.6,118.766468463966
472.81,117.426278746702
473.01,118.729388927239
473.21,118.713182045983
473.42,118.767380917969
473.62,116.184080253472
473.82,117.485483430841
474.03,118.130489591731
474.23,117.604534218769
474.43,119.724782022012
474.64,119.208808862704
474.84,118.969902835586
475.04,119.573769845162
475.25,119.956680297821
475.45,121.222012686708
475.65,120.556209649518
475.85,120.696235045851
476.06,121.530404900397
476.26,122.540606912607
476.46,122.384817595656
476.67,122.036972050187
476.87,123.061278879295
477.07,124.38809471299
477.28,124.61385845171
477.48,125.755258989186
477.68,124.719140959031
477.88,125.987867951785
478.09,125.150086242964
478.29,125.862009650239
478.49,125.782234383123
478.7,126.758449849356
478.9,126.625410917338
479.1,127.189760094428
479.3,126.233612300603
479.51,125.562330940626
479.71,125.485143773804
479.91,125.89419289833
480.11,126.147923893271
480.32,125.449650033631
480.52,125.986363016363
480.72,125.698491647379
480.93,125.939986008738
481.13,126.665827645575
481.33,125.577216422347
481.53,125.899914299272
481.74,125.575859109896
481.94,125.544226696966
482.14,125.360382911653
482.34,125.566110837495
482.55,125.530649477841
482.75,125.207841791079
482.95,126.060486813487
483.15,126.782793164373
483.36,126.929353662205
483.56,126.61709266341
483.76,127.589174119424
483.96,128.141806829085
484.17,128.664677247473
484.37,127.861694261693
484.57,128.102461758752
484.77,128.836604179353
484.98,128.355761321092
485.18,128.99194335523
485.38,127.602015008298
485.58,127.667279995965
485.79,127.417077568631
485.99,128.067953059466
486.19,127.203398648515
486.39,127.744171178575
486.59,127.904448802733
486.8,126.19389643005
487,125.562776056989
487.2,126.456479829441
487.4,125.92895516129
487.61,125.533441120666
487.81,125.792826560638
488.01,124.670034331697
488.21,124.656511548007
488.41,124.3217648197
488.62,125.169705649207
488.82,124.272236804077
489.02,123.695148509106
489.22,123.054210781821
489.43,122.87633519571
489.63,122.415256677446
489.83,122.706781387964
490.03,121.779556668509
490.23,120.477755403349
490.44,119.982592594001
490.64,118.668933735732
490.84,118.854799859669
491.04,117.220398315853
491.24,116.13477339616
491.45,115.641133017082
491.65,113.719292455793
491.85,112.721322792323
492.05,112.560889695679
492.25,111.823887247693
492.45,110.820130001154
492.66,108.999568435551
492.86,107.739781588324
493.06,106.654552093452
493.26,106.212878926593
493.46,105.577057933642
493.67,105.606726722046
493.87,104.342988667126
494.07,103.267967104344
494.27,102.523944337142
494.47,102.33397660528
494.67,101.692320735591
494.88,102.013050298085
495.08,101.302866268324
495.28,102.511295350914
495.48,101.852567519804
495.68,102.260047596338
495.89,102.758280966291
496.09,103.089559170585
496.29,103.298987320603
496.49,103.740708276751
496.69,103.908600673926
496.89,104.393758015319
497.09,106.197809251129
497.3,105.911304799425
497.5,106.84219244288
497.7,107.876930055507
497.9,108.344836747914
498.1,108.351693791027
498.3,108.947705045042
498.51,109.250040353125
498.71,109.31556838202
498.91,110.818502137568
499.11,110.368252032336
499.31,109.948814617968
499.51,109.923909048352
499.71,110.106269762205
499.92,108.929387893638
500.12,109.194441899873
500.32,109.319928245914
500.52,109.161664056509
500.72,108.954466936701
500.92,108.210514043114
501.12,106.607055648558
501.32,108.56183070545
501.53,107.09730107332
501.73,106.081846187815
501.93,105.697146750752
502.13,104.564636474366
502.33,104.5117828257
502.53,102.825106959283
502.73,102.370188729476
502.93,102.939904224101
503.14,101.443929455456
503.34,101.435214371971
503.54,99.7173832549834
503.74,98.5409235833664
503.94,97.7932038988426
504.14,96.6336976754682
504.34,95.307183922823
504.54,95.0741253271648
504.74,93.8695665031212
504.95,92.9934977478791
505.15,92.6584218493607
505.35,91.6504162707434
505.55,90.3743389432223
505.75,89.6148897708483
505.95,89.277974608475
506.15,87.4256581592908
506.35,87.8918102324461
506.55,87.2822564491696
506.75,86.8941576567203
506.95,85.7476460017665
507.16,85.6587165706262
507.36,85.7745277655598
507.56,85.2632287520585
507.76,84.6181146063651
507.96,83.9741836950929
508.16,83.733803292737
508.36,83.4612340025187
508.56,82.4287566750476
508.76,82.4540952735104
508.96,81.6301099555969
509.16,81.5073756280298
509.36,81.0348947686037
509.57,81.120585346673
509.77,79.7619101156346
509.97,78.7399545659526
510.17,78.7530715551625
510.37,79.3760349904261
510.57,78.3204082232949
510.77,78.7868936464037
510.97,78.0911776743826
511.17,78.1874568945314
511.37,78.2376975004298
511.57,77.7509659578308
511.77,77.6653326840666
511.97,77.5376984269973
512.17,78.202797799797
512.37,77.6437741560739
512.57,77.6563263654576
512.78,78.6068019861633
512.98,78.1189285278985
513.18,78.2272921191238
513.38,78.0016928994476
513.58,78.0945836952983
513.78,78.072389127948
513.98,77.1543010097079
514.18,76.3664932257009
514.38,76.580264412609
514.58,76.4190737841731
514.78,75.688498899767
514.98,74.609085056172
515.18,74.8824121233434
515.38,74.2913474405298
515.58,74.6645901758553
515.78,72.5048550040271
515.98,72.3724362344978
516.18,70.9571170872334
516.38,70.0224155614706
516.58,68.7355111562985
516.78,67.8656941649283
516.98,66.4552526393292
517.18,65.3086172958525
517.38,65.2956571490583
517.58,63.8147885887821
517.78,63.5454269595138
517.98,62.5768754584739
518.18,61.6175929471593
518.38,61.265582702443
518.58,60.5150663824686
518.78,59.530010257909
518.98,58.5153824584432
519.18,59.5813362983928
519.38,57.8692747678462
519.58,56.9318813276235
519.78,57.6162716663309
519.98,56.5739898010182
520.18,56.3466121970106
520.38,55.7436431541237
520.58,55.1859105676942
520.78,54.7661555755221
520.98,55.2833753111473
521.18,55.0165020811632
521.38,55.0604568635976
521.58,54.3271964564511
521.78,54.2697014069506
521.98,54.4369053888928
522.18,53.5338115270989
522.38,53.7090555953294
522.58,53.0026701892324
522.78,52.8640338953663
522.98,52.2061999435954
523.18,52.1909818635738
523.38,51.1068455490739
523.58,51.2935200288436
523.78,50.6971545437775
523.98,49.5480533196707
524.18,49.1819718331291
524.38,49.1034310093615
524.58,47.8374602608366
524.78,48.2026042664272
524.98,47.0941186370333
525.18,46.5986715631264
525.38,45.8521790044696
525.58,45.6183279164974
525.78,45.2497222692477
525.98,44.5462094958549
526.18,43.5306644130384
526.38,43.1157987027911
526.58,43.1775569005372
526.78,42.1606452087284
526.98,41.794464090914
527.17,41.6244792051499
527.37,41.3391123765019
527.57,41.1111313007283
527.77,41.4860735110951
527.97,40.7836965208382
528.17,41.0061100882367
528.37,40.6937414038076
528.57,40.7240110830803
528.77,40.6579545838307
528.97,40.2441365306033
529.17,40.2709510839064
529.37,40.0336162135147
529.57,39.739607794329
529.77,39.857431926446
529.97,39.3023626906195
530.17,38.8170998201564
530.36,39.1345189578768
530.56,38.9617420050949
530.76,38.2706358048642
530.96,37.6617637295703
531.16,36.9544249760251
531.36,36.7982573197052
531.56,36.2061076277353
531.76,35.3741709364645
531.96,35.0606675017216
532.16,34.7260339880761
532.36,35.0049229647856
532.56,34.0769509435155
532.76,32.8657545722986
532.95,32.9268916951786
533.15,32.5464741558623
533.35,31.4066486748598
533.55,31.976903142858
533.75,31.5293592058924
533.95,31.2310910564735
534.15,30.6294819047972
534.35,30.6481886558261
534.55,30.8619195018299
534.75,30.2822940780694
534.94,29.8283319345897
535.14,29.5149238598017
535.34,29.7732288780875
535.54,29.2343496686798
535.74,28.8125688044282
535.94,28.7837150005812
536.14,28.7345550879363
536.34,28.653158329955
536.54,28.6294219030449
536.73,28.2888012447684
536.93,27.8791439194978
537.13,27.5639821361782
537.33,27.349926950236
537.53,27.2395330196455
537.73,27.4536528875665
537.93,26.5662668904502
538.13,26.3674608722681
538.32,26.0419211519404
538.52,25.5655259582569
538.72,25.028759110405
538.92,24.7701132696264
539.12,24.6459797455824
539.32,24.1753099987497
539.52,23.8563071443113
539.72,23.4815638022279
539.91,23.286341608282
540.11,22.5348223275527
540.31,22.3284206945549
540.51,22.1530512096465
540.71,22.1898618893989
540.91,21.7833529291413
541.11,21.6213856507369
541.3,21.2083365122962
541.5,21.233019473549
541.7,20.985669853443
541.9,21.0802025454622
542.1,20.6054600033357
542.3,20.3667714115011
542.49,20.652608298796
542.69,20.1320223232025
542.89,20.3487270416494
543.09,19.8489659195448
543.29,19.9103918086184
543.49,19.6977342224377
543.68,19.720506445024
543.88,19.7968651941195
544.08,19.5003799339173
544.28,19.4214598231284
544.48,19.3898804090269
544.68,19.0973935750326
544.87,19.411804451919
545.07,19.3575395896241
545.27,18.9540898638886
545.47,18.6873081698264
545.67,19.0075112809799
545.87,18.8998033153224
546.06,18.6018124258246
546.26,18.2063547357727
546.46,18.2958903308311
546.66,18.5207050130123
546.86,17.7497619667256
547.05,18.0671547891579
547.25,18.0328185239313
547.45,17.5974371314735
547.65,17.2785075240935
547.85,17.5948950050008
548.04,17.679387328604
548.24,17.2453184803435
548.44,17.3384241035551
548.64,16.9645127716749
548.84,16.9389463025941
549.03,17.1253079167873
549.23,16.6562026492265
549.43,16.6225276011979
549.63,16.4323049584457
549.83,16.6824517212128
550.02,16.3362549069097
550.22,16.1257521901759
550.42,16.020667465698
550.62,16.0885891047715
550.82,16.294366263846
551.01,15.9814101662617
551.21,16.0012268223754
551.41,16.0368337658738
551.61,15.96297069023
551.8,15.9666911798081
552,16.0853006073581
552.2,16.2026211428407
552.4,15.9933386656067
552.6,15.6989197382994
552.79,15.5657006709616
552.99,15.7245006591973
553.19,15.2371261609979
553.39,15.2565034297629
553.58,15.2215748382484
553.78,15.1769526288945
553.98,14.8671691064442
554.18,14.6644005573475
554.37,14.391751171776
554.57,14.688390861088
554.77,14.0899183211146
554.97,13.9477658596633
555.16,14.144739518678
555.36,13.9641837610557
555.56,13.3419094338654
555.76,12.9124573947152
555.95,12.8149584755331
556.15,12.9297281040833
556.35,12.4682745395503
556.55,12.6235520212601
556.74,12.7850796470307
556.94,12.6496228016027
557.14,12.4884830967862
557.34,12.4320505102984
557.53,12.4776990796454
557.73,12.6367085016273
557.93,12.0238646512975
558.13,12.2290528722713
558.32,11.9991605132606
558.52,12.2490617736452
558.72,11.9855197464769
558.92,12.1164205477347
559.11,11.988187665112
559.31,12.024818512277
559.51,11.7699064018624
559.7,12.3214304935263
559.9,12.3640797318573
560.1,11.9879596849748
560.3,12.2691408094939
560.49,11.9785321137412
560.69,12.1210970683294
560.89,12.2794502098335
561.08,11.9785994172469
561.28,11.755355449053
561.48,11.8988503889358
561.68,11.7951218586198
561.87,11.8781589290729
562.07,11.6066381097648
562.27,11.6847946810237
562.46,11.9681994510139
562.66,11.6298212115902
562.86,11.5913235548047
563.05,11.3449173262192
563.25,11.2324806556877
563.45,11.2505397293455
563.65,11.486068184891
563.84,11.5540795571684
564.04,11.3487273065641
564.24,11.6144274920879
564.43,11.1813822637984
564.63,11.3389553187878
564.83,11.2709531142247
565.02,10.9657092670006
565.22,11.2939126810405
565.42,11.4057440227504
565.61,10.8852574472792
565.81,10.9116549455041
566.01,10.6205042450073
566.2,10.8390254421172
566.4,10.6168417223458
566.6,10.6922711864669
566.79,10.3761323695989
566.99,10.2519593592696
567.19,10.1230942816098
567.38,10.0059778637599
567.58,9.79472812038461
567.78,9.83044011588202
567.97,9.79903344037478
568.17,9.4325734962562
568.37,9.37330828607163
568.56,9.66939032764357
568.76,9.168283574426
568.96,9.44234386390759
569.15,9.22255244327485
569.35,9.70823656664098
569.55,9.23754908358247
569.74,9.11856867964257
569.94,9.36964218262835
570.14,9.5510633481552
570.33,9.35150535074955
570.53,9.07531950949018
570.73,9.13204244083663
570.92,9.44331176154152
571.12,9.13587063547806
571.31,8.90362850805255
571.51,9.32878994744101
571.71,9.13160456887516
571.9,9.31716969526495
572.1,9.4754455703241
572.3,9.13439100150973
572.49,9.450787759042
572.69,9.44928284362971
572.88,9.22254420570641
573.08,9.13258628677036
573.28,9.23496785266246
573.47,9.67926340655688
573.67,9.08344258811549
573.87,9.1009426070899
574.06,9.02051150721164
574.26,9.47129926536824
574.45,8.94593203951671
574.65,8.83025544045849
574.85,9.09669499429411
575.04,9.02489710100874
575.24,9.06757626586433
575.44,8.94333990600263
575.63,8.71574755200762
575.83,8.72838067927234
576.02,8.54746934741327
576.22,8.84146779893151
576.42,8.65063715080526
576.61,8.46536385458475
576.81,8.50947674261289
577,8.38034702259663
577.2,8.52976588325493
577.4,8.19253744206153
577.59,8.227966467371
577.79,8.18604667007746
577.98,8.16107483955318
578.18,8.3463945161806
578.37,8.12114055790334
578.57,8.36148637694621
578.77,8.10626965543029
578.96,8.09216472798225
579.16,7.92963760673577
579.35,8.069313252858
579.55,8.32021354813631
579.75,7.96666415499083
579.94,7.95333165044051
580.14,7.88802563769253
580.33,8.27220753376536
580.53,7.86988640441241
580.72,7.95138218640677
580.92,7.91876357020378
581.12,7.85127093191769
581.31,7.63610509564756
581.51,7.80439949455333
581.7,7.63041649000935
581.9,7.9308897453569
582.09,7.80142154677636
582.29,7.97034381935994
582.48,7.53581069125227
582.68,7.81660103866672
582.88,7.77058476923478
583.07,7.72573661540744
583.27,7.84104511795726
583.46,7.77895605142712
583.66,7.86919888262156
583.85,7.42719823306949
584.05,7.4442106643112
584.24,7.73458220983094
584.44,7.5084969113502
584.63,8.00052066341921
584.83,7.6887978485355
585.03,7.69939907718846
585.22,7.31289191642094
585.42,7.42454909182847
585.61,7.3016754022445
585.81,7.30712770647479
586,7.36620995923067
586.2,7.11200973292271
586.39,7.15259231869665
586.59,7.00361016199728
586.78,7.19830229532515
586.98,7.06587924138075
587.17,7.21234199685551
587.37,6.93776188301646
587.56,7.12893590460858
587.76,6.76206388058934
587.95,7.04750473087593
588.15,6.93657764884001
588.34,7.03631947295648
588.54,6.97131819199943
588.74,6.89074301375279
588.93,6.58217983539588
589.13,6.95264809526895
589.32,7.03577107560453
589.52,7.20127068933228
589.71,7.46001205250693
589.91,7.0989847874318
590.1,7.29207763672137
590.3,7.25721048991567
590.49,7.41678933736989
590.69,7.46176438926134
590.88,7.44725907156941
591.08,7.40441884383675
591.27,7.45056907125653
591.47,7.80507640156494
591.66,7.4004561548244
591.85,7.43547323579417
592.05,7.61407348939583
592.24,7.71752067272911
592.44,7.64454568721725
592.63,7.16371958757696
592.83,7.32982231137225
593.02,7.41937707797454
593.22,6.99945528840439
593.41,7.30302621087378
593.61,7.16435870938621
593.8,7.39985205869719
594,7.46835146932988
594.19,7.15590997900459
594.39,7.32696517292914
594.58,6.99960880593269
594.78,7.07263483870256
594.97,7.47465822425768
595.17,6.9962960328231
595.36,7.08214128118973
595.56,7.14052004871923
595.75,6.91688237233284
595.94,6.83526394401185
596.14,7.03754717681038
596.33,6.95364804756217
596.53,6.80664033498649
596.72,6.99225340324067
596.92,7.11999009131658
597.11,6.40041566989232
597.31,6.49274586955115
597.5,6.96931284535877
597.69,6.39577236394004
597.89,6.80880531621632
598.08,6.66682675877039
598.28,6.79920489624935
598.47,6.38155606780534
598.67,7.31148872145088
598.86,6.56015635872882
599.06,6.50365628878121
599.25,6.83302563175028
599.44,6.6546924954227
599.64,6.57438178412209
599.83,6.85685364339788
600.03,6.42763382286944
600.22,6.47866084164487
600.42,6.98443704668682
600.61,6.67625956156648
600.8,6.38923063452727
601,6.60521832301284
601.19,6.71297636614845
601.39,6.386598693143
601.58,6.86977403003544
601.78,6.41900964071355
601.97,6.34944653269682
602.16,6.95357195496925
602.36,6.73200188101446
602.55,6.38608792809002
602.75,6.4562191027256
602.94,7.0091228173513
603.13,6.68778245723319
603.33,6.3082944800388
603.52,6.64043561395552
603.72,6.65610118298206
603.91,6.53500159641168
604.1,6.2335530665475
604.3,6.70756369039938
604.49,6.80931156849182
604.69,6.84047258130861
604.88,6.86426716753166
605.07,6.66700364904665
605.27,6.40566417860782
605.46,6.31430894589381
605.66,6.3517203134659
605.85,6.42196847923102
606.04,6.77337835709427
606.24,6.54981432764615
606.43,6.38091095463856
606.62,6.84248727865545
606.82,6.38703554752386
607.01,6.49675412654087
607.21,6.30286991995699
607.4,6.30823398912575
607.59,6.79884202151758
607.79,6.59036482642309
607.98,6.31199286100228
608.17,6.4446284112567
608.37,6.50650971249142
608.56,6.7070292110789
608.76,6.70149222293157
608.95,6.38904561823559
609.14,6.1531988841987
609.34,6.5495426949973
609.53,6.37469280901383
609.72,6.56590189394083
609.92,6.73228335658735
610.11,7.04044291329051
610.3,6.48936983384544
610.5,6.68029055008645
610.69,6.90502414807921
610.88,6.66489036098269
611.08,6.76693537039638
611.27,6.74869813069058
611.46,6.54812092393509
611.66,6.54819596127137
611.85,6.63906307012403
612.04,6.64742630223876
612.24,7.14885026866254
612.43,7.00636997005493
612.62,6.78693854448904
612.82,6.79007184473543
613.01,7.06777304338737
613.2,7.06307376326258
613.4,7.17245387155477
613.59,7.15959074942826
613.78,7.06396906454077
613.98,7.23728377145966
614.17,6.87710793059115
614.36,6.74307700857467
614.56,7.16772999442249
614.75,6.79211713354852
614.94,6.90954892744393
615.14,6.75121063818042
615.33,6.86352837364595
615.52,7.04933186778289
615.72,6.67142079839095
615.91,7.06221435609444
616.1,6.90428529230011
616.3,7.35678013190636
616.49,7.04329560328367
616.68,6.84276027312618
616.88,7.14586131609867
617.07,6.80438781854058
617.26,6.50807675367818
617.45,6.91666996443162
617.65,7.12186096639789
617.84,7.22288794832432
618.03,6.87649800578673
618.23,7.12264929452077
618.42,6.73938051932917
618.61,7.00067312950943
618.8,6.82102957048589
619,7.18575610055684
619.19,6.83760395409152
619.38,6.92010773400902
619.58,6.70733319160613
619.77,7.01847805087182
619.96,7.36000189487017
620.15,7.04446231436855
620.35,7.00754579284712
620.54,6.78597428417008
620.73,6.95234589973596
620.93,6.77991708974439
621.12,6.88543153955984
621.31,6.81355537813582
621.5,7.01763468054562
621.7,7.00496423560253
621.89,7.01656717174627
622.08,6.63513220057026
622.27,7.07458165299458
622.47,6.76613691416659
622.66,6.62298886184478
622.85,6.89270847893887
623.04,6.74559337464648
623.24,7.14066195734195
623.43,6.70112078045437
623.62,6.94554058843326
623.81,6.9511762362011
624.01,7.13377757008812
624.2,6.97887557614695
624.39,6.76256337563615
624.58,7.16796252933268
624.78,6.83490044377125
624.97,6.72789418108777
625.16,6.75581979918068
625.35,6.8348996920072
625.55,6.91568175221664
625.74,6.7799619402178
625.93,7.11295702897293
626.12,6.91315624618742
626.32,6.58798512723615
626.51,6.74655821246645
626.7,6.82854899513256
626.89,6.68814921995907
627.09,6.57306661444227
627.28,6.67074884540457
627.47,6.48350095109423
627.66,6.6642021761962
627.85,6.65425921386104
628.05,6.99779075005582
628.24,6.67980526454704
628.43,6.89876219400744
628.62,6.60122618606756
628.82,6.6188078900952
629.01,6.66375018834384
629.2,6.45055237591727
629.39,6.63925396768032
629.58,6.41546096902218
629.78,6.40351283529831
629.97,6.50814578786161
630.16,7.04813721366951
630.35,6.76182330765833
630.54,6.68278731372521
630.74,6.3968997999275
630.93,6.39446737961814
631.12,6.6282845044648
631.31,6.80655798631157
631.5,7.09867531930125
631.7,7.01106955664102
631.89,6.7815819962486
632.08,6.730527190675
632.27,6.95176488636685
632.46,6.95208022483274
632.65,7.10948413481801
632.85,7.18456402683562
633.04,7.0650165225068
633.23,7.26087292378165
633.42,7.18341715021851
633.61,7.19728245670959
633.81,7.47198320702648
634,7.46734013359826
634.19,7.70164168602189
634.38,7.7241232157751
634.57,7.80242403240704
634.76,7.94910430623357
634.96,7.74421180429828
635.15,7.68936652000974
635.34,7.85446454595795
635.53,7.99375478465819
635.72,8.30085789244958
635.91,8.30289259137094
636.11,7.91932888290362
636.3,8.05223228181368
636.49,8.09577744425361
636.68,8.30355428375102
636.87,8.14691435479862
637.06,8.55883246627144
637.26,8.46937718242224
637.45,8.50341111796906
637.64,8.50255660099289
637.83,8.31733781376542
638.02,8.37140875128451
638.21,8.60458510946082
638.4,8.18763029435095
638.6,8.2066121613149
638.79,8.16047126110145
638.98,8.26697012878924
639.17,9.02020810522658
639.36,8.73287464112518
639.55,8.44932893749462
639.74,8.79031378411889
639.93,8.74323648256554
640.13,8.49492548183772
640.32,8.15266669375882
640.51,8.25909111203629
640.7,8.72834977190681
640.89,8.41755932362919
641.08,8.3517146928817
641.27,8.17226449150748
641.46,8.75942914236345
641.66,8.53116660519407
641.85,8.65357089704325
642.04,8.09318857901519
642.23,8.76520565726861
642.42,8.58584512740792
642.61,8.47285364642165
642.8,8.40548101374232
642.99,8.66733207094547
643.18,8.39201281328075
643.38,8.13026779285798
643.57,8.28188907946967
643.76,8.69198223966812
643.95,8.33901417704284
644.14,8.20707363846157
644.33,8.40623153594426
644.52,8.02436607302011
644.71,8.44890254309227
644.9,7.56762153740477
645.09,8.08334036239027
645.29,7.95818041078622
645.48,8.19435813058431
645.67,7.94238827825214
645.86,8.04074648418799
646.05,8.31959279744371
646.24,7.52373592623595
646.43,7.52921834991224
646.62,7.75934957535349
646.81,7.68747683182499
647,8.05626735639968
647.19,7.28418034846704
647.38,7.92268488249738
647.57,7.83358137610482
647.77,7.14801865793135
647.96,7.7143893335072
648.15,7.49159964721224
648.34,7.91309298094316
648.53,7.76071332469671
648.72,7.86962218860287
648.91,7.85817568569761
649.1,7.7924667553023
649.29,7.58648107227895
649.48,7.87989091637453
649.67,7.65935990438406
649.86,8.38466412915646
650.05,8.71935578036037
650.24,8.08796510558506
650.43,8.07066706723028
650.62,8.44832238777007
650.81,8.28702345206081
651.01,8.09033806790633
651.2,8.55185981218977
651.39,8.24777430450065
651.58,8.7184794395726
651.77,8.33129503029311
651.96,8.31812286822486
652.15,8.47233181276281
652.34,8.510558540982
652.53,8.88117504295489
652.72,8.52595122558104
652.91,8.58463474198491
653.1,8.05529868874228
653.29,8.43382170428935
653.48,8.4071455819682
653.67,8.22114897058123
653.86,8.30647777753221
654.05,7.68292055763421
654.24,8.11423738859405
654.43,8.18297861282931
654.62,8.10360501608462
654.81,7.41631700638117
655,7.59942164605211
655.19,8.22578841915773
655.38,7.73522281861526
655.57,8.18987485505339
655.76,8.28715984552779
655.95,8.50500036822378
656.14,7.55574854407729
656.33,7.71454925265233
656.52,8.00529482613357
656.71,7.75444402537872
656.9,8.04322050964985
657.09,7.90786076083621
657.28,8.13686136604588
657.47,7.74506370171265
657.66,8.20495182334363
657.85,7.91883444032542
658.04,8.15942996771652
658.23,7.76129416817711
658.42,8.01481269851972
658.61,8.16602458084351
658.8,7.85678865828976
658.99,8.1281416012861
659.18,7.61244634011874
659.37,7.8056328517171
659.56,8.24241389047316
659.75,7.99665053385719
659.94,8.65578811701735
660.13,7.94277919924128
660.32,8.59662083983804
660.51,8.76618560721244
660.7,9.07014472207455
660.89,8.52305728537775
661.08,8.60189815306669
661.27,9.15031877468755
661.46,8.74960785802658
661.65,8.5479097568872
661.84,8.7777357829626
662.03,8.54281627202737
662.22,8.96946780887813
662.41,8.6612932192374
662.6,8.89493075745365
662.78,8.61249538088454
662.97,9.28176369735155
663.16,9.3242772089658
663.35,9.31903916578259
663.54,8.90590415229434
663.73,9.26116844965716
663.92,9.15152811133634
664.11,9.48234641823581
664.3,9.3077941828535
664.49,9.96295402535083
664.68,9.58098193706426
664.87,9.84680998019016
665.06,9.66248004837832
665.25,9.47514260622664
665.44,10.0348977679196
665.63,9.39335116906326
665.82,9.7881924356582
666.01,10.1243415859312
666.19,9.94506554944362
666.38,9.93431235087202
666.57,10.1627947047006
666.76,10.8622633668071
666.95,10.3423098580418
667.14,10.683865147133
667.33,10.8257379061821
667.52,10.3163413930595
667.71,11.1737078813623
667.9,10.9701882306221
668.09,10.1633618184944
668.28,10.9663807085612
668.46,11.1088373712986
668.65,10.8712794487533
668.84,10.9432728671367
669.03,10.9193517412605
669.22,10.5056891654954
669.41,10.5226174685162
669.6,10.9069379708823
669.79,10.2792099331088
669.98,10.8231552438919
670.17,11.0944338429517
670.35,10.8820170228489
670.54,11.3851496199416
670.73,10.861728714585
670.92,10.2705392730291
671.11,11.0353561147643
671.3,10.6951445645893
671.49,11.3734698022514
671.68,10.4385398966176
671.87,10.8376386029997
672.05,11.5070695856613
672.24,10.7517418557573
672.43,11.1757536887861
672.62,11.034516732392
672.81,10.9980634526913
673,10.7654391034198
673.19,10.2993951599393
673.38,10.4543944087508
673.57,10.7584250893268
673.75,10.1666564777991
673.94,10.0063163666135
674.13,10.6289566534024
674.32,10.4929269124856
674.51,10.3982428678173
674.7,10.8163959087855
674.89,10.987982262259
675.07,10.649021950839
675.26,10.9869105509
675.45,10.5036648427418
675.64,10.7868805226655
675.83,10.8419862617354
676.02,10.240653715091
676.21,10.0715426716062
676.39,10.9869787227346
676.58,10.7711560513621
676.77,10.3822570016509
676.96,10.6868260653368
677.15,10.6591452703332
677.34,10.6374710494324
677.52,10.4492705204838
677.71,9.39670499498187
677.9,10.1739082528957
678.09,10.6338738531471
678.28,9.94752279992081
678.47,10.1513195094253
678.65,10.1969478063738
678.84,10.1570790494874
679.03,9.5518023829326
679.22,9.94453529963343
679.41,10.2733595636301
679.6,10.39586002348
679.78,9.41486693414167
679.97,9.82003832323324
680.16,10.2274190206859
680.35,9.38232354776916
680.54,10.0601015224077
680.73,9.38351887137505
680.91,10.4466557915027
681.1,10.0717537028826
681.29,9.95915721713191
681.48,10.2530630231427
681.67,10.2031093884492
681.85,10.4228228027937
682.04,9.31777444146857
682.23,9.63565181720397
682.42,9.31785362304214
682.61,10.261353706172
682.79,9.61042304077723
682.98,9.91717553205087
683.17,10.5272122803064
683.36,9.80626979709712
683.55,9.9073030369789
683.73,10.6245913241825
683.92,9.63659439165203
684.11,10.226000414243
684.3,10.1024791286277
684.49,9.59472633023037
684.67,9.9373313942227
684.86,10.6343581350256
685.05,10.5682959145534
685.24,10.6203956811977
685.42,9.3646880008072
685.61,10.220942555148
685.8,10.1568638841912
685.99,10.0440966906383
686.18,9.90916400479417
686.36,10.2555128689504
686.55,9.93845827274392
686.74,9.61471779754535
686.93,9.74755093233587
687.11,10.1725453213778
687.3,10.5675773234236
687.49,10.068276110242
687.68,10.2710043930163
687.86,9.70033891876778
688.05,10.052439718519
688.24,10.4900299001588
688.43,10.7007995636405
688.61,10.0114440641938
688.8,10.2155785163691
688.99,10.4114095001703
689.18,10.7497013780152
689.36,10.1110293241089
689.55,10.4209955722482
689.74,10.1372449808276
689.93,10.2518642366121
690.11,10.1287318446877
690.3,10.2400226740791
690.49,10.1550124069287
690.68,11.4900505139951
690.86,10.5953009594411
691.05,10.6611491688331
691.24,10.2110593779591
691.43,9.99721557937215
691.61,11.1628102854123
691.8,10.3665224931473
691.99,11.1259304171731
692.17,10.8997545911705
692.36,11.2322053398081
692.55,10.7151412883516
692.74,11.3355918355003
692.92,11.608141928744
693.11,11.2215347618305
693.3,12.0085711466853
693.49,11.4178878649252
693.67,11.3645563714464
693.86,11.3517621271486
694.05,11.9064857525332
694.23,11.8382899656515
694.42,11.9436464122181
694.61,11.7101541079725
694.79,11.4868407309636
694.98,12.1218544968523
695.17,12.1667424344179
695.36,11.7001862299549
695.54,11.5272067727431
695.73,11.2639797840907
695.92,11.6720019668001
696.1,12.2542045614286
696.29,12.22337256825
696.48,11.9703208891392
696.66,11.95748024522
696.85,11.5627094342866
697.04,11.4560052038667
697.22,11.7239493469106
697.41,11.4994524057605
697.6,11.9937681799334
697.79,11.902487069043
697.97,12.1967570860207
698.16,12.515924074984
698.35,11.6080985696734
698.53,11.6885947744231
698.72,12.2337787384097
698.91,12.5951452990711
699.09,12.6691930543374
699.28,11.9629630548519
699.47,12.0380827791308
699.65,12.3664655876356
699.84,11.7092005351664
700.03,12.0832686887127
700.21,11.379769930331
700.4,12.1812689676639
700.59,11.9739350086247
700.77,11.4246727782604
700.96,12.3214195369387
701.15,11.8908691659128
701.33,12.6037410761687
701.52,11.6859718632487
701.7,11.5500097804339
701.89,11.7133631638581
702.08,11.5733509910768
702.26,13.0025018745499
702.45,11.3709062753395
702.64,13.1383877333895
702.82,12.5263063821657
703.01,12.2137865269387
703.2,12.4293158720394
703.38,14.0699601253981
703.57,12.7288082719533
703.76,13.1463121773895
703.94,12.0468002599882
704.13,11.6517244618476
704.31,13.1077092947418
704.5,13.0259192851492
704.69,12.3314587070466
704.87,12.4155520736519
705.06,13.2981312644783
705.25,12.5241951843795
705.43,12.2048915997271
705.62,11.5550450004514
705.8,12.1855767370309
705.99,12.5407398414137
706.18,12.4080879625866
706.36,11.9224908102289
706.55,12.7230810878912
706.73,12.5085351399581
706.92,12.656490929402
707.11,12.586159222425
707.29,13.3812736176972
707.48,12.4423731806871
707.66,12.3532658885392
707.85,13.5586658881906
708.04,13.0102695920778
708.22,13.0190990767008
708.41,12.4758814209806
708.59,12.8679286422809
708.78,11.7562460885809
708.97,12.6866525584377
709.15,11.7869847771582
709.34,12.9912497664563
709.52,12.7485215329103
709.71,12.2788253953759
709.9,13.2746196433613
710.08,13.0556427469478
710.27,13.1395628375594
710.45,13.1713449572443
710.64,12.3802383285355
710.82,13.3539778593054
711.01,13.3279329192509
711.2,12.4605724431346
711.38,13.8597809677275
711.57,12.8374499667727
711.75,13.3768622837698
711.94,12.8860943300841
712.12,12.9547101933595
712.31,13.0172426106498
712.5,12.3297695125664
712.68,13.0744577253475
712.87,13.5810698741757
713.05,13.8627697759973
713.24,13.1189744684249
713.42,12.2603414445643
713.61,12.4389061176442
713.79,12.1514311263404
713.98,12.7576489874709
714.17,12.9761666496781
714.35,12.2917897857882
714.54,13.7182406788574
714.72,12.9733080995297
714.91,13.5269690906361
715.09,13.0181597932012
715.28,12.693433886372
715.46,13.3674172391884
715.65,12.683607888391
715.83,12.6735361484308
716.02,12.6062394192848
716.21,12.154010815023
716.39,12.6810475309047
716.58,12.8909138253618
716.76,13.6448220826164
716.95,11.7654709901637
717.13,11.6011014556212
717.32,12.5477635704512
717.5,12.2754071527948
717.69,10.9189524499311
717.87,11.6098831384977
718.06,12.1629122205376
718.24,12.298766036049
718.43,12.1767986939464
718.61,12.15737663814
718.8,11.832772847627
718.98,12.4423132203121
719.17,12.0573990224814
719.35,11.857330029568
719.54,11.5210670289142
719.72,11.672304493195
719.91,12.7232683827943
720.09,11.5990574674712
720.28,12.4090807221474
720.46,11.7512587231731
720.65,12.5623341605165
720.83,11.2292520884367
721.02,11.3852273532266
721.2,11.2457386584003
721.39,11.7682032646177
721.57,11.7739988916371
721.76,11.6407634216909
721.94,12.8199475435243
722.13,11.9826123237891
722.31,12.0549620346584
722.5,12.0149453471867
722.68,11.9406374728012
722.87,11.6305526888791
723.05,12.0839889164273
723.24,12.6954484127105
723.42,12.1054399742014
723.61,12.5883175371229
723.79,12.0899329345226
723.98,11.4395464781541
724.16,12.8671458453208
724.34,11.9612382018181
724.53,12.2969657041933
724.71,11.9647023134877
724.9,13.4911505001399
725.08,13.1133722815508
725.27,12.1062690664323
725.45,11.8252801430267
725.64,11.6726916232752
725.82,12.0694825493702
726.01,11.5138103803629
726.19,12.582686189056
726.38,13.4503784982997
726.56,13.2029792721525
726.74,11.7114218151065
726.93,12.1523450505173
727.11,12.4514709350495
727.3,12.8856664527511
727.48,12.269715882386
727.67,12.9744935426106
727.85,13.1373683910584
728.04,13.6921373280399
728.22,12.7711408929335
728.4,13.2911786575846
728.59,13.4888243890188
728.77,12.2703381122099
728.96,13.9893688196468
729.14,12.7571039599112
729.33,13.4142722033985
729.51,13.4035691012757
729.69,11.6165716762368
729.88,12.8429893286363
730.06,13.0098332198066
730.25,13.2059167120291
730.43,13.5458725096009
730.61,13.7977444808434
730.8,13.1277922044641
730.98,12.5676600958593
731.17,13.1283027230939
731.35,13.8627191734684
731.54,13.0896386509089
731.72,13.3061596797479
731.9,13.0330401555739
732.09,13.9388862027861
732.27,13.5413859200491
732.46,14.3198782060044
732.64,14.1901528786431
732.82,14.2226382195007
733.01,14.4335018444952
733.19,14.1063832145049
733.38,13.6653058258566
733.56,14.7985084443167
733.74,15.571776325755
733.93,14.3242386520456
734.11,13.300884797233
734.29,14.2659639182811
734.48,13.9703693014117
734.66,13.8114136867477
734.85,14.7415562772443
735.03,15.2647712503969
735.21,13.8778023808534
735.4,14.268845673282
735.58,14.8184522875141
735.77,13.9333751530836
735.95,14.2143941548679
736.13,13.3873459453137
736.32,15.2136434999577
736.5,12.7561057645777
736.68,13.8733694509489
736.87,14.7353736820105
737.05,12.6019870739826
737.23,13.6900043162259
737.42,14.1123033332231
737.6,14.859737930837
737.79,14.1943498142464
737.97,13.207103708803
738.15,13.674336565739
738.34,13.5143822055694
738.52,13.4876203428932
738.7,12.5260900581661
738.89,13.4794722200923
739.07,13.8138368556761
739.25,13.3889282214066
739.44,14.781978145668
739.62,13.2543580179558
739.8,13.9838585160002
739.99,13.2267714874255
740.17,13.3928467976377
740.35,14.6276046303836
740.54,15.7411910084501
740.72,13.9521645312425
740.9,13.2277308252405
741.09,14.5322431404329
741.27,14.8487846446088
741.45,14.6850834273327
741.64,14.7004527065838
741.82,14.2857172183436
742,14.5116981334576
742.19,14.0717100562937
742.37,14.8784197746532
742.55,15.1467049798264
742.74,15.6563083257811
742.92,16.4194448895066
743.1,16.5055406688763
743.29,15.3386824442063
743.47,14.1742069965639
743.65,16.0459276944312
743.83,15.7411582534894
744.02,15.9058610191514
744.2,15.837214315879
744.38,16.1040951109102
744.57,15.9563947160286
744.75,16.1965704303878
744.93,16.9791047560638
745.12,17.5537348953792
745.3,15.4132481466871
745.48,15.9343032875452
745.66,16.5868622585989
745.85,16.3490549341443
746.03,17.3062947987441
746.21,16.1207632135023
746.4,15.6612082564535
746.58,16.1822654516979
746.76,15.2454401620953
746.94,16.866241549442
747.13,17.0936953351288
747.31,15.9912325016704
747.49,15.1312743911727
747.68,16.9334088649449
747.86,15.414845556041
748.04,15.35108733649
748.22,15.0595471183134
748.41,15.876808034623
748.59,15.1899747434495
748.77,15.9607904243731
748.95,14.5712633432451
749.14,15.9339649454798
749.32,13.3231867531446
749.5,15.7669588989308
749.68,16.2582189495808
749.87,15.5465848864512
750.05,14.777263237255
750.23,15.0024259536047
750.42,15.6368191181437
750.6,15.4298102825564
750.78,15.8127521119436
750.96,14.954729768195
751.15,14.3221522062921
751.33,15.2018683759235
751.51,14.9094407265774
751.69,14.6171267762744
751.87,14.5592797753226
752.06,14.5370209521604
752.24,13.5137735397988
752.42,15.2996066131377
752.6,13.1451551374912
752.79,13.4476318774919
752.97,14.0220994830714
753.15,14.7132982547477
753.33,14.2313524837681
753.52,15.0130440335842
753.7,14.3827393959257
753.88,13.6345718457666
754.06,14.5568297392697
754.24,13.9991755256024
754.43,14.892530257531
754.61,14.0094724603033
754.79,14.99273482149
754.97,14.2281770298758
755.16,13.8671207932046
755.34,13.3223319839687
755.52,13.5831993615235
755.7,14.077069094319
755.88,14.5564890260331
756.07,14.2271413685099
756.25,12.1695443183134
756.43,14.4822731599972
756.61,13.6573471922054
756.79,12.7917387609364
756.98,13.7567699458012
757.16,14.7249714287525
757.34,14.3390315122745
757.52,14.331436630393
757.7,14.0934412781335
757.89,15.553405226287
758.07,14.0285564361132
758.25,13.477459862643
758.43,14.2086603494295
758.61,14.194983750336
758.8,15.0509838382071
758.98,14.9447184824145
759.16,15.7101353868801
759.34,14.6399539886229
759.52,16.0096831525403
759.7,14.5422593620292
759.89,16.1296234065706
760.07,15.8096170772993
760.25,16.0736057990358
760.43,16.6280882326363
760.61,15.3832237432839
760.79,17.734114325622
760.98,15.3987883825249
761.16,15.4307477539338
761.34,15.399084623461
761.52,15.5232729966321
761.7,16.5203917915153
761.88,15.7454368658357
762.07,15.8896610515944
762.25,15.6778769314504
762.43,14.9814094996489
762.61,16.9201321235941
762.79,15.0817512963194
762.97,15.4907565519646
763.15,15.7278145904068
763.34,15.8980031490681
763.52,15.9745770664816
763.7,15.685571308564
763.88,16.030117411384
764.06,16.3627833949103
764.24,16.2759245154506
764.42,17.4251311868834
764.61,16.5582258428739
764.79,16.3778627358317
764.97,16.1941701987367
765.15,16.1424167662524
765.33,15.8917474210029
765.51,16.9004846886908
765.69,16.7567267909094
765.87,17.4829601403505
766.06,15.9593565050439
766.24,17.284124535856
766.42,16.3102566158912
766.6,17.6450327539792
766.78,16.600000732433
766.96,17.6099275219093
767.14,17.9403385114958
767.32,17.3128291910988
767.5,18.5221623757476
767.69,17.8589299726896
767.87,17.0252558956238
768.05,17.7614007466898
768.23,16.840215872668
768.41,17.6018344457823
768.59,15.9533819740203
768.77,17.6728224264998
768.95,16.677927559294
769.13,17.4909603962707
769.32,17.1519890772938
769.5,18.2828320442597
769.68,18.2910650504048
769.86,16.1540004596607
770.04,16.399819681882
770.22,15.8637169997574
770.4,15.6992164706543
770.58,16.2345420003809
770.76,16.5511771446737
770.94,18.1535622398753
771.12,15.2930767755408
771.3,15.7737539818751
771.49,16.1812559831567
771.67,16.346025231819
771.85,14.842681068179
772.03,14.5406440228337
772.21,15.9565572999638
772.39,15.6725848700338
772.57,16.3472712457309
772.75,15.0752544007855
772.93,15.6550486171728
773.11,15.4477547372828
773.29,17.703305462347
773.47,15.4074091489036
773.65,15.9685266440006
773.83,16.3034063862339
774.01,15.9604962833673
774.19,14.7143757002098
774.38,17.0258269907607
774.56,15.3691671226745
774.74,15.6390935577421
774.92,16.2350890712561
775.1,17.7967165557659
775.28,14.4941021372427
775.46,16.8569770976962
775.64,16.257511718564
775.82,17.1194248752109
776,16.7079622110488
776.18,15.7307965777966
776.36,17.4616081670568
776.54,14.9287445742369
776.72,16.2300755026267
776.9,17.7389275350658
777.08,16.4366108855662
777.26,15.6595085574915
777.44,15.656701510382
777.62,18.5078895038617
777.8,15.2105596823255
777.98,17.6808849469247
778.16,16.3690430776721
778.34,17.5302828417958
778.52,16.5455657669462
778.7,17.2050915924913
778.88,15.471253164415
779.06,15.740190616966
779.24,16.4130023773286
779.42,15.9782120830955
779.6,18.2853613260202
779.78,18.4283427078725
779.96,18.1177236648592
780.14,17.4776739894928
780.32,18.4020256532052
780.5,21.7868229394675
780.68,18.2289506428868
780.86,17.982594942713
781.04,18.7230104029965
781.22,19.5984999669339
781.4,19.37083898013
781.58,18.0317184098089
781.76,19.1300027015179
781.94,16.9597165803095
782.12,19.7867071717951
782.3,17.4275717251265
782.48,16.0833580074201
782.66,17.9409692732097
782.84,17.0304992340608
783.02,15.7184640172711
783.2,18.468117277388
783.38,17.2878534354271
783.56,16.2171159614977
783.74,15.8368196584011
783.92,15.23634647863
784.1,18.4201762247327
784.28,16.2969071661138
784.46,16.8046109333025
784.64,18.9978258917428
784.82,15.1942735145996
785,14.1051412439015
785.18,17.5252440488204
785.36,14.3274285989905
785.54,16.0881413168636
785.72,15.740106201116
785.9,14.7397832205491
786.08,17.9078905735031
786.26,16.4544176700256
786.43,16.8471762233553
786.61,13.7287778877724
786.79,16.4289556294175
786.97,17.7123259547131
787.15,14.3139508510265
787.33,16.1327619966789
787.51,17.3393314371484
787.69,16.3598187038351
787.87,16.2574903419887
788.05,15.9694553565742
788.23,15.3708247740222
788.41,11.4169277102206
788.59,15.3882658734528
788.77,15.9610055670669
788.95,17.4880247425791
789.13,16.1919519269834
789.3,15.3952609384363
789.48,14.0061885279462
789.66,17.6498291759472
789.84,15.3117354168175
790.02,15.7902745546991
790.2,12.87320389957
790.38,14.8021529435976
790.56,16.7741977619394
790.74,16.1198346675686
790.92,15.7689422469971
791.1,17.1972398889463
791.28,17.5418579010795
791.45,16.2935599904167
791.63,14.2671702424781
791.81,16.5998147082471
791.99,17.3796316168002
792.17,17.0540142172759
792.35,17.0023378850951
792.53,14.6473823318428
792.71,16.7881671418138
792.89,14.6390122464413
793.07,13.8744522794516
793.24,15.6706810837571
793.42,16.0107748125595
793.6,15.4291065681222
793.78,14.1909932113259
793.96,16.4646546037582
794.14,17.6191403262366
794.32,14.0116906433527
794.5,17.0848669317448
794.67,16.816395819028
794.85,15.2302599043391
795.03,16.9106150584192
795.21,16.2062885204061
795.39,18.5417660606762
795.57,16.6571357180713
795.75,14.545476010578
795.93,16.745934218076
796.1,16.5433069265331
796.28,17.0950308515167
796.46,16.9478476711311
796.64,17.6548166481402
796.82,17.968754361382
797,17.2585998892
797.18,18.4793029551094
797.35,17.611393464892
797.53,17.1023117418174
797.71,17.1794491379133
797.89,17.6669552870414
798.07,16.0936916329627
798.25,17.5004494508465
798.43,20.6342994308275
798.6,17.3515729332389
798.78,18.9993930847785
798.96,18.118667189855
799.14,19.5707537462461
799.32,17.7378368968527
799.5,18.4596999417988
799.67,19.7530616121181
799.85,19.0862902893991
800.03,15.9759700510953
800.21,15.1780316746914
800.39,16.8648303424117
800.57,20.383587083713
800.74,17.3540392485258
800.92,18.667211973668
801.1,16.8145068997852
801.28,17.5630916738385
801.46,19.8586003403502
801.64,17.1089621257573
801.81,19.723431255977
801.99,17.159770911986
802.17,17.7124824641315
802.35,15.6323608280877
802.53,17.1602276624195
802.7,21.0254373900444
802.88,18.6128463021185
803.06,18.070956677645
803.24,25.9022800627553
803.42,17.9022277160859
803.59,15.9947776844968
803.77,17.6456820696741
803.95,21.5615043193492
804.13,17.3933226707088
804.31,18.9762712169727
804.48,15.6840737597068
804.66,18.9936036820644
804.84,20.5361273921454
805.02,19.6675984580356
805.2,15.948518123576
805.37,22.1835069565548
805.55,21.5234311465173
805.73,16.4123544008899
805.91,17.5861927685012
806.08,19.1724585095749
806.26,18.4523691880574
806.44,18.5991681990684
806.62,19.0345488607154
806.8,19.6038102522825
806.97,19.7401908981865
807.15,21.163865676327
807.33,15.7457840644351
807.51,20.7939056891879
807.68,20.2846465855129
807.86,15.4945799379134
808.04,20.6151241634301
808.22,21.1681920531402
808.39,-28.8930991974266
808.57,22.459857532343
808.75,21.0124369110499
808.93,24.0872228270842
809.1,20.2740698447762
809.28,19.3027663594965
809.46,18.6110899180252
809.64,21.9677380335628
809.81,20.1862773241322
809.99,19.1454662570042
810.17,20.0786367669242
810.35,22.3876849696003
810.52,18.1609141212516
810.7,19.7282149202641
810.88,21.6730265245818
811.06,17.7318690346909
811.23,19.7977845043895
811.41,22.3261979379441
811.59,19.2114603206927
811.77,22.6156876012585
811.94,19.8607133894795
812.12,17.6947349662824
812.3,18.7992351265087
812.47,21.1533921996005
812.65,20.2070113607171
812.83,19.1043307430063
813.01,17.8520616832189
813.18,20.5925087893743
813.36,20.0527407813436
813.54,19.17150849125
813.71,19.1867678119321
813.89,23.1376464700544
814.07,18.733599743313
814.25,22.5700485645532
814.42,18.4102978945264
814.6,22.2166481506142
814.78,19.5216329294541
814.95,21.6601463547709
815.13,19.1884572416164
815.31,20.4849507285143
815.49,21.8801012840676
815.66,19.4019125690913
815.84,20.9533147565557
816.02,19.5983340472058
816.19,18.6758126019707
816.37,20.1492537313433
816.55,19.3697655988986
816.72,19.5756628799004
816.9,20.873473052922
817.08,21.0268418361694
817.25,16.015110473013
817.43,17.7309569758202
817.61,17.975340291479
817.78,17.919286196198
817.96,18.702402656974
818.14,17.2138742459649
818.31,20.6120981960599
818.49,16.0931479324202
818.67,16.9767468020688
818.84,17.9920043330935
819.02,16.3843823324005
819.2,19.1349387232404
819.37,17.7369734347223
819.55,19.0515246306045
819.73,18.3232782651511
819.9,18.493407482401
820.08,17.3557651777672
820.26,18.4501083746958
820.43,18.6972252013107
820.61,19.1095753305935
820.79,17.5475046451845
820.96,18.4463667150169
821.14,18.9295033046453
821.32,18.6343082535546
821.49,19.161489356653
821.67,19.5665439386771
821.85,19.5142931952437
822.02,18.0821140356554
822.2,18.6184214417964
822.37,19.138128719996
822.55,18.9079540182037
822.73,19.3982443814436
822.9,18.3292306807717
823.08,18.6342385271109
823.26,18.9274476596614
823.43,18.8830271550156
823.61,19.1612430413706
823.78,18.8229907424952
823.96,18.5227266933433
824.14,18.9882564795022
824.31,18.6085776865207
824.49,18.5155933139215
824.67,17.7216917196796
824.84,19.1415267787076
825.02,18.6415200914837
825.19,18.3501117381459
825.37,19.0276162048741
825.55,18.4924796523237
825.72,18.3448421632507
825.9,19.0504790558136
826.07,18.2319127352879
826.25,18.31726462023
826.43,18.4904335767859
826.6,18.230183640606
826.78,17.9993001310085
826.95,18.514270063142
827.13,17.8477005026634
827.31,18.4961948494841
827.48,18.5249099698343
827.66,18.2430363861517
827.83,18.6794981071204
828.01,18.4052290650791
828.19,18.6734941386162
828.36,19.0008497794587
828.54,18.4480203872853
828.71,18.1630958969088
828.89,18.4147909534161
829.06,19.1520096081476
829.24,19.0955618231406
829.42,19.7613736247394
829.59,19.0038508727669
829.77,19.6235110333516
829.94,19.4567940389687
830.12,20.0968596955634
830.29,18.2648353289377
830.47,19.0830492028989
830.65,19.0279267509257
830.82,19.0581485615206
831,19.6710886030016
831.17,18.0644408534913
831.35,17.8844101346555
831.52,19.8069794087464
831.7,18.4064665048753
831.87,18.805082229388
832.05,20.448789993874
832.23,21.6532867706062
832.4,19.7144274471423
832.58,19.7658593328071
832.75,19.6505799420719
832.93,18.5729341159359
833.1,18.003059909512
833.28,21.147651429291
833.45,19.6574845284502
833.63,18.7096102552771
833.8,19.4866823284913
833.98,18.3464266912537
834.15,17.3356954674143
834.33,21.285749192713
834.51,22.5637153060559
834.68,18.7775130550008
834.86,17.982439892896
835.03,18.885214238861
835.21,19.6061521879511
835.38,18.5072704065004
835.56,18.4469884408503
835.73,18.6444863797917
835.91,19.6201960278566
836.08,16.8880178530556
836.26,17.6230180531075
836.43,17.9161181778417
836.61,20.1769710302546
836.78,17.6713651500408
836.96,17.2300581055926
837.13,19.9470084337096
837.31,17.7433136186777
837.48,18.5814798323545
837.66,17.1857012843771
837.83,17.3531190474035
838.01,16.3676514537201
838.18,18.9019027607451
838.36,17.8076643462194
838.53,18.6565533649914
838.71,19.0879550668309
838.88,19.4351291000862
839.06,17.8891968684096
839.23,18.6851161744533
839.41,17.1096717701748
839.58,19.1919218995438
839.76,20.6377907815086
839.93,17.7228859486673
840.11,20.2305905544184
840.28,20.8803940070683
840.46,19.6293540758317
840.63,18.4508208612735
840.81,19.6750435184981
840.98,18.8710068478548
841.15,21.6146700188704
841.33,20.182848839156
841.5,25.4830194604942
841.68,20.8064974647677
841.85,18.6143427188884
842.03,23.1228139610267
842.2,20.567353443247
842.38,19.9379505890211
842.55,20.4071267182233
842.73,23.4053911027207
842.9,20.0554522391517
843.08,21.3463043882551
843.25,22.2458174985236
843.42,21.9655505170582
843.6,18.7356101921642
843.77,14.662336690754
843.95,18.8573052043906
844.12,23.7094645567501
844.3,22.0414413552184
844.47,22.4490431446473
844.64,24.5368643978358
844.82,22.8831913664336
844.99,23.277696582085
845.17,21.5085797751769
845.34,20.1991588651973
845.52,19.8981620820397
845.69,22.7503689766671
845.87,25.8404792238338
846.04,19.5390123405448
846.21,20.5579588910134
846.39,30.5709696441834
846.56,19.0016069012179
846.74,17.3253846560567
846.91,20.7920326707769
847.08,12.2913286060417
847.26,24.8915980727958
847.43,21.8336300497862
847.61,22.1020298809341
847.78,22.1039979337203
847.95,21.7343896594024
848.13,20.642700800783
848.3,28.4373444418246
848.48,27.8533921050846
848.65,17.3629785847325
848.83,26.0404071780148
849,22.5053293160981
849.17,22.2097312633335
849.35,21.2946305929477
849.52,17.4942487905546
849.69,23.8378403545478
849.87,29.3719395594071
850.04,19.0809142568219
850.22,22.0902754017363
850.39,30.2734415582488
850.56,28.77118842896
850.74,23.687074792818
850.91,21.8556174446039
851.09,26.7422027113291
851.26,32.4449699984223
851.43,22.8145457297461
851.61,27.424471216191
851.78,19.801471535413
851.95,28.4657423383391
852.13,19.0727675987323
852.3,15.2200807348212
852.48,24.0964457896888
852.65,29.0184201618243
852.82,19.2941362324252
853,24.9212946246802
853.17,24.0310322040341
853.34,23.0921820865652
853.52,20.5245977224954
853.69,20.551436338076
853.86,30.6577596882665
854.04,21.6778770922259
854.21,24.2523591142027
854.38,18.0870507613985
854.56,23.8155034795156
854.73,20.126693847256
854.9,17.3858790627385
855.08,14.9539049306498
855.25,29.816201950164
855.42,27.641160446456
855.6,24.5796169492382
855.77,22.9809990525977
855.95,23.9309541096296
856.12,16.7403109562653
856.29,25.5534553900131
856.46,21.49414437476
856.64,30.2991483518664
856.81,25.0157699028512
856.98,22.3959525444419
857.16,16.7529700851664
857.33,20.3890919332442
857.5,20.1261232952252
857.68,17.0284940065359
857.85,17.2168205011512
858.02,19.6380708018471
858.2,33.762477908252
858.37,24.6386761672244
858.54,14.6113730193925
858.72,11.5582035812643
858.89,32.2368843740407
859.06,20.5706527902433
859.24,24.8705187562573
859.41,25.3462236221644
859.58,25.678688251349
859.75,25.722465856851
859.93,17.0033363560731
860.1,24.1305937433938
860.27,22.5807721874192
860.45,19.7630479921787
860.62,21.9115351125967
860.79,7.58225887292122
860.97,22.2076605464852
861.14,22.411249415372
861.31,24.7836125656462
861.48,21.8423097105706
861.66,31.4858102066109
861.83,24.6615389969721
862,19.3893411459499
862.17,15.6626068239272
862.35,9.80861709791098
862.52,15.6046066782547
862.69,19.0407949626269
862.87,20.0140096700893
863.04,20.6648873100681
863.21,15.6748520605223
863.38,23.9100390332007
863.56,26.2534917210295
863.73,23.8643981388759
863.9,24.3450145113448
864.07,23.8806857519854
864.25,35.4379474135523
864.42,20.3689382355418
864.59,16.4286548861153
864.76,29.6956987473787
864.94,18.3646586397956
865.11,28.0712425726149
865.28,19.0342195319053
865.45,31.2022612596411
865.63,25.2246567299159
865.8,31.931562619305
865.97,19.8173807415947
866.14,16.9398560815149
866.32,18.5063803419631
866.49,17.565088423031
866.66,21.2724304576938
866.83,19.0742379909636
867.01,24.1095840015251
867.18,19.9323984368169
867.35,24.4782393173216
867.52,19.3903352317077
867.7,20.1467146377494
867.87,24.1093865024958
868.04,24.2614292027793
868.21,22.1027914709915
868.38,25.8981612212841
868.56,18.9746231014803
868.73,12.3360156098561
868.9,19.2689582564394
869.07,23.0201325182209
869.24,33.6260821085263
869.42,16.7601665961868
869.59,13.2897036078911
869.76,15.776816692614
869.93,22.2151191415866
870.11,27.806622491227
870.28,26.1920467614788
870.45,28.8036447047805
870.62,31.2348249128855
870.79,18.4967399525753
870.97,15.5767734593635
871.14,26.746289367396
871.31,20.1550033041506
871.48,16.1289785162019
871.65,28.3293110608306
871.82,22.2029857603491
872,22.320772935687
872.17,22.8229876496548
872.34,21.5889372538569
872.51,23.5294548662555
872.68,23.5785800702494
872.86,31.2271578422764
873.03,21.2804212690166
873.2,30.8312571467517
873.37,19.128897830148
873.54,23.0094198395229
873.71,21.6342600101332
873.89,29.3102534361047
874.06,21.7679115148703
874.23,20.8864680326139
874.4,19.934503697501
874.57,22.5788082676102
874.74,26.5339160554304
874.92,28.9295130371813
875.09,20.5752242264492
875.26,27.0905998955938
875.43,17.9752425678521
875.6,24.0456872050533
875.77,25.9394328616099
875.95,26.7721430520704
876.12,24.8736077099297
876.29,18.5625287980256
876.46,19.7102851426724
876.63,20.9911927719991
876.8,24.0722148078312
876.97,21.0813075770732
877.15,21.5794948377264
877.32,16.2313859860688
877.49,26.9770744747039
877.66,23.3442848542186
877.83,19.7920807991947
878,23.9047515200606
878.17,23.7439137066985
878.34,19.2832524552462
878.52,18.1783441156794
878.69,24.9349266070111
878.86,23.5835264845556
879.03,23.2706165916525
879.2,18.0139172712547
879.37,23.7604933741484
879.54,19.7555642072493
879.71,21.6106915153838
879.89,22.9577837477792
880.06,20.8477753145462
880.23,23.1245438745751
880.4,25.6579242521001
880.57,20.9249480848347
880.74,24.142166212636
880.91,24.3192111502029
881.08,20.9185602836396
881.25,20.1506664543309
881.42,21.5295872013314
881.6,19.2247101944193
881.77,20.617907619868
881.94,19.7557439131666
882.11,19.2564304616551
882.28,20.8704927644034
882.45,22.0492343337074
882.62,21.3093188915817
882.79,21.3133780310538
882.96,20.8379948654666
883.13,19.9070132841605
883.3,21.9258010094551
883.48,21.4700458933365
883.65,22.6648171502358
883.82,21.559380522937
883.99,19.9398760476435
884.16,20.7664870883101
884.33,19.8670801374277
884.5,20.6426878509924
884.67,21.834287961531
884.84,22.7838128370263
885.01,18.8516953897693
885.18,20.2326126757988
885.35,20.9538625796423
885.52,18.2688771247978
885.69,19.6178765809806
885.87,19.4422377594774
886.04,19.1820834429373
886.21,20.5506583291925
886.38,19.5404771461201
886.55,19.8773578985969
886.72,23.1043242138457
886.89,19.94140795347
887.06,17.3479820029205
887.23,20.0988791939684
887.4,20.3529464986475
887.57,22.2829494768018
887.74,22.3823271660096
887.91,21.4896224062271
888.08,18.5709714969259
888.25,26.9109084076272
888.42,27.4140925558508
888.59,20.7477116595158
888.76,18.2740986439271
888.93,21.9484542382123
889.1,19.4399521867529
889.27,25.0306301995325
889.44,21.5847512106452
889.61,14.9334340784614
889.78,22.6206996429158
889.95,22.9166233171726
890.12,17.3191802327412
890.29,25.3678579081863
890.46,19.8947762945423
890.63,22.7546916477276
890.8,17.7823659670024
890.97,18.4693897887903
891.15,24.0492052140967
891.32,19.0922972881757
891.49,26.3157894736842
891.66,34.8986031387039
891.83,25.9740345527784
892,24.8321167085863
892.17,18.2218384402443
892.34,30.2177591359649
892.51,24.9867890022329
892.68,26.5262879259035
892.84,24.2551556818747
893.01,27.2905723933917
893.18,20.1375889909621
893.35,22.2386884582788
893.52,21.0697844487899
893.69,19.114873151819
